date,return_1d,volatility_10d,vol_threshold,decision
2017-08-30,0.11448665003884415,1.4790889999999919,1.2100485000000025,neutral
2017-08-31,0.4737594445578912,1.0772359999999903,1.2100485000000025,bull
2017-09-01,0.6016015609121654,1.7829959999999958,1.2396625000000001,neutral
2017-09-05,0.14141985534768853,2.101569,1.2716270000000052,neutral
2017-09-06,-0.7182052937378959,1.533401000000003,1.2813605000000043,bear
2017-09-07,0.34138015118263976,1.6969210000000043,1.3046500000000028,neutral
2017-09-08,-0.012150668286756231,1.658344000000005,1.3310440000000003,bear
2017-09-11,-0.11747073358447442,1.2654410000000094,1.3310440000000003,neutral
2017-09-12,1.0665909643928928,1.7113760000000124,1.3310440000000003,neutral
2017-09-13,0.3370651257975215,2.1475840000000126,1.3310440000000003,neutral
2017-09-14,0.047990401919606525,2.2092959999999993,1.3310440000000003,neutral
2017-09-15,-0.03197825478673865,2.3137439999999936,1.3310440000000003,bear
2017-09-18,-0.35987044663921214,2.357603999999993,1.3310440000000003,bear
2017-09-19,0.21268911272523022,2.504243999999992,1.3310440000000003,neutral
2017-09-20,0.10011212558065033,1.9846049999999906,1.3310440000000003,neutral
2017-09-21,0.036004320518463584,1.6351089999999915,1.3310440000000003,neutral
2017-09-22,-0.2679356954331024,1.0368609999999927,1.3046500000000028,neutral
2017-09-25,0.02004891936325088,0.13538900000000048,1.2813605000000043,bull
2017-09-26,-0.20445798588838637,0.1715090000000001,1.2731130000000084,neutral
2017-09-27,0.06025790382838777,0.18848399999999765,1.2639550000000062,bull
2017-09-28,0.38943311385900065,0.1761960000000001,1.2396625000000001,bull
2017-09-29,0.11997600479903338,0.2081759999999989,1.2100485000000025,bull
2017-10-02,0.35150788895546053,0.4080959999999954,1.1989985000000036,bull
2017-10-03,0.43386538231899197,0.9634559999999924,1.1942824999999984,bull
2017-10-04,0.21401395053900618,1.6504089999999993,1.1989985000000036,neutral
2017-10-05,0.11864272720081583,2.3224889999999982,1.2100485000000025,neutral
2017-10-06,0.5925106651919735,3.46133599999999,1.2396625000000001,neutral
2017-10-09,-0.11387732663158409,3.90552899999999,1.2639550000000062,bear
2017-10-10,-0.16511381059087782,3.391480999999989,1.2731130000000084,bear
2017-10-11,0.26383146288640125,2.6934409999999995,1.2813605000000043,neutral
2017-10-12,0.15709685020815556,2.225764000000011,1.3046500000000028,neutral
2017-10-13,-0.14900792094738605,1.3905010000000053,1.3310440000000003,bear
2017-10-16,0.12174049638705713,0.8109249999999987,1.3310440000000003,bull
2017-10-17,0.1333594822514232,0.5742159999999954,1.3040745000000058,bull
2017-10-18,0.07050804966900656,0.408481000000001,1.2731130000000084,bull
2017-10-19,0.09785884839707205,0.2543690000000013,1.2639550000000062,bull
2017-10-20,0.02737368997340575,0.32205600000000045,1.2396625000000001,bull
2017-10-23,0.5160483208882372,0.6623640000000083,1.2396625000000001,bull
2017-10-24,-0.3889385865971763,0.5180760000000078,1.2396625000000001,neutral
2017-10-25,0.17570575143492584,0.5262240000000091,1.2396625000000001,bull
2017-10-26,-0.49501091362644617,0.4979010000000111,1.2396625000000001,neutral
2017-10-27,0.129264757726512,0.3779490000000083,1.2396625000000001,bull
2017-10-30,0.8176199045458004,0.5993009999999991,1.2396625000000001,bull
2017-10-31,-0.3725117380000697,0.564260999999998,1.2396625000000001,neutral
2017-11-01,0.15579357351508366,0.5686289999999947,1.2396625000000001,bull
2017-11-02,0.13221854948474893,0.616595999999997,1.2396625000000001,bull
2017-11-03,0.038836459668323386,0.6317159999999917,1.2100485000000025,bull
2017-11-06,0.3338638922318466,0.8930159999999884,1.1989985000000036,bull
2017-11-07,0.15476881408397528,1.151124000000002,1.1942824999999984,bull
2017-11-08,-0.06953834266950235,1.3045210000000087,1.1942824999999984,bear
2017-11-09,0.17010090076158724,1.0386490000000113,1.1896424999999924,bull
2017-11-10,-0.3627802863648635,0.5431840000000147,1.182790499999996,neutral
2017-11-13,-0.030987333927273084,0.5345960000000132,1.1656145000000033,neutral
2017-11-14,0.09299081715680929,0.35416000000001296,1.1392400000000003,bull
2017-11-15,-0.23226106143303757,0.26379600000000625,1.1261959999999998,neutral
2017-11-16,-0.5005238039809181,0.5222010000000086,1.113490000000007,neutral
2017-11-17,0.850101388238967,0.5037640000000055,1.1009840000000073,bull
2017-11-20,-0.29386745031319733,0.5110210000000056,1.0984624999999995,neutral
2017-11-21,0.1706352284185208,0.4653160000000035,1.0898809999999965,bull
2017-11-22,0.6542779713511412,0.7641640000000038,1.080048499999993,bull
2017-11-24,-0.08846494095927467,0.9121689999999987,1.0738479999999941,neutral
2017-11-27,0.23098244533416334,1.274176000000004,1.0738479999999941,neutral
2017-11-28,-0.049930864956212725,1.490316000000005,1.0738479999999941,bear
2017-11-29,1.0144871844137826,2.9531039999999997,1.0738479999999941,neutral
2017-11-30,-0.06086658804733329,3.7050839999999874,1.0738479999999941,bear
2017-12-01,0.875490084123182,4.70348899999997,1.0738479999999941,neutral
2017-12-04,-0.20753933813818776,5.494224999999955,1.080048499999993,bear
2017-12-05,-0.12100128563865734,4.905160999999957,1.0898809999999965,bear
2017-12-06,-0.3596577572499389,3.650875999999967,1.0984624999999995,bear
2017-12-07,0.018997682282765823,3.118200999999975,1.1009840000000073,neutral
2017-12-08,0.31530162589271543,2.3445559999999697,1.1009840000000073,neutral
2017-12-11,0.5453099556935652,1.983540999999978,1.1009840000000073,neutral
2017-12-12,0.30130691876012633,1.2819089999999993,1.1009840000000073,neutral
2017-12-13,0.17648605009198695,1.6560959999999938,1.1009840000000073,neutral
2017-12-14,-0.011245220781157778,1.644783999999993,1.1009840000000073,bear
2017-12-15,-0.4086223055295126,1.691128999999997,1.1009840000000073,bear
2017-12-18,0.3199578408491929,1.8434439999999932,1.1009840000000073,neutral
2017-12-19,0.6341225469963596,2.453255999999986,1.1009840000000073,neutral
2017-12-20,-0.3840417598806759,1.9430199999999906,1.1009840000000073,bear
2017-12-21,-0.052401092937097424,1.1285489999999938,1.113490000000007,bear
2017-12-22,0.20596936673782398,0.6023999999999908,1.113490000000007,bull
2017-12-26,-0.026160400627847066,0.4663999999999893,1.113490000000007,neutral
2017-12-27,-0.11962169638517932,0.4234559999999906,1.113490000000007,neutral
2017-12-28,0.04865451551330344,0.4218359999999894,1.113490000000007,bull
2017-12-29,0.205745922489904,0.45812399999999076,1.113490000000007,bull
2018-01-02,-0.37704856833538314,0.21716399999999875,1.113490000000007,neutral
2018-01-03,0.7157310949561448,0.3089199999999946,1.113490000000007,bull
2018-01-04,0.6325110689437234,1.067781000000013,1.113490000000007,bull
2018-01-05,0.4214885199837269,2.302989000000027,1.1261959999999998,neutral
2018-01-08,0.6663966716983919,4.4557800000000345,1.1279524999999961,neutral
2018-01-09,0.1828688464633165,6.4503440000000385,1.1279524999999961,neutral
2018-01-10,0.22634345794392685,8.108721000000045,1.1279524999999961,neutral
2018-01-11,-0.15298317185110216,8.263260000000034,1.1279524999999961,bear
2018-01-12,0.7296074711805048,8.949660000000016,1.1279524999999961,neutral
2018-01-16,0.6518904823989611,10.200885000000017,1.1279524999999961,neutral
2018-01-17,-0.3418249856073649,7.439844000000031,1.139836499999998,bear
2018-01-18,0.9531718236632076,7.140659999999992,1.1656145000000033,neutral
2018-01-19,-0.16809126998320062,6.276260999999984,1.182790499999996,bear
2018-01-22,0.45496883284374817,5.982340999999996,1.1896424999999924,neutral
2018-01-23,0.813095110730706,7.789063999999984,1.1942824999999984,neutral
2018-01-24,0.21224663058474752,8.899408999999997,1.2286125000000012,neutral
2018-01-25,-0.03882946803629272,8.807825000000001,1.2639550000000062,bear
2018-01-26,0.042375874002402905,6.799240999999995,1.2698085000000066,neutral
2018-01-29,1.157783268619828,7.9791289999999595,1.2698085000000066,neutral
2018-01-30,-0.6629911368553205,7.509984999999965,1.2698085000000066,bear
2018-01-31,-1.0257130813545088,4.770583999999989,1.2698085000000066,bear
2018-02-01,0.049687677455986075,3.935420999999998,1.2698085000000066,neutral
2018-02-02,-0.11351543100389969,2.737380999999992,1.2698085000000066,bear
2018-02-05,-2.17700120747212,7.458309000000019,1.2780425000000015,bear
2018-02-06,-4.182247231802498,38.19844499999998,1.293215000000004,bear
2018-02-07,1.9702193763497855,48.52674899999998,1.347511000000007,neutral
2018-02-08,-0.5424887600787648,57.67299599999991,1.4176950000000008,bear
2018-02-09,-3.750887286584234,87.70432899999989,1.4466224999999975,bear
2018-02-12,1.502154252222181,86.38512099999991,1.4567425000000038,neutral
2018-02-13,1.4684512428298184,73.0250489999999,1.4567425000000038,neutral
2018-02-14,0.24873746890782586,60.1680409999999,1.4567425000000038,neutral
2018-02-15,1.3496240601503666,42.07849599999994,1.4567425000000038,neutral
2018-02-16,1.2760117215030224,25.063140999999952,1.4567425000000038,neutral
2018-02-20,0.029300809434875633,21.567180999999984,1.4567425000000038,neutral
2018-02-21,-0.6261213430486018,22.461339999999975,1.4567425000000038,bear
2018-02-22,-0.4974207811348438,22.848475999999984,1.4567425000000038,bear
2018-02-23,0.12960562858728603,23.594584999999974,1.4567425000000038,neutral
2018-02-26,1.5939349112426047,15.09216099999998,1.4567425000000038,neutral
2018-02-27,1.1612245640857624,13.015920999999986,1.4567425000000038,neutral
2018-02-28,-1.2486505937387444,9.88441599999998,1.4567425000000038,bear
2018-03-01,-1.013008781838731,5.907380999999999,1.4721090000000006,bear
2018-03-02,-1.4540769372354092,7.376855999999989,1.4721090000000006,bear
2018-03-05,0.5155024280911451,8.313400999999995,1.4721090000000006,neutral
2018-03-06,1.1557900995986374,8.193248999999991,1.4721090000000006,neutral
2018-03-07,0.2534993938057966,8.227288999999988,1.4847024999999985,neutral
2018-03-08,-0.036646144825572685,7.7792959999999995,1.495586000000003,bear
2018-03-09,0.48390644475403255,7.552116000000005,1.5171285000000019,neutral
2018-03-12,1.7402407880335578,10.746996000000024,1.5450010000000007,neutral
2018-03-13,-0.1255065084089442,11.369600000000027,1.595854999999995,bear
2018-03-14,-0.6462731581214831,12.395749000000045,1.6399464999999922,bear
2018-03-15,-0.5131540907776871,12.281504000000044,1.6475964999999961,bear
2018-03-16,-0.10897203051217266,8.151164000000032,1.6532524999999967,bear
2018-03-19,-0.29090909090909506,4.915324000000014,1.6572199999999992,bear
2018-03-20,-1.3530269876002845,6.149864000000004,1.674736500000001,bear
2018-03-21,0.17006173980553052,7.259421000000013,1.6940250000000008,neutral
2018-03-22,-0.1919173279202738,8.655555999999997,1.6940250000000008,bear
2018-03-23,-2.4997226639056285,19.19298499999997,1.6940250000000008,bear
2018-03-26,-2.1314521940304183,35.49088099999995,1.6940250000000008,bear
2018-03-27,2.7359038945940717,32.39987599999998,1.6940250000000008,neutral
2018-03-28,-1.7011806419976578,34.09569999999992,1.6940250000000008,bear
2018-03-29,-0.29547198772065947,34.22410099999994,1.6940250000000008,bear
2018-04-02,1.2777585344263531,27.506335999999965,1.6940250000000008,neutral
2018-04-03,-2.1584647539425994,24.081704999999957,1.7041485000000085,bear
2018-04-04,1.281702722647281,19.919600999999965,1.7261660000000072,neutral
2018-04-05,1.0699083483529626,13.08902399999999,1.7619759999999989,neutral
2018-04-06,0.7891941113977782,7.330964999999971,1.7964279999999953,neutral
2018-04-09,-2.228580033127526,7.246039999999956,1.8105579999999986,bear
2018-04-10,0.49283844139841854,6.058664999999963,1.8273499999999978,neutral
2018-04-11,1.5900383141762366,6.086208999999938,1.8567124999999973,neutral
2018-04-12,-0.5242315670375208,6.296664999999942,1.8711425000000017,bear
2018-04-13,0.8227176220806854,6.992064999999944,1.8808724999999948,neutral
2018-04-16,-0.29331026961983586,7.566064999999935,1.9022549999999865,bear
2018-04-17,0.8221761267207268,5.775488999999962,1.9290444999999878,neutral
2018-04-18,1.0698387760445942,8.051360999999961,1.948980499999999,neutral
2018-04-19,0.07402198452940102,10.633783999999952,1.9652450000000066,neutral
2018-04-20,-0.5547542438699656,11.723508999999947,1.979544999999992,bear
2018-04-23,-0.8479303804529633,7.685279999999994,1.9840729999999844,bear
2018-04-24,-0.01500318817749539,4.417361000000004,1.9904324999999974,bear
2018-04-25,-1.3467381925948063,5.64275999999998,2.017712000000003,bear
2018-04-26,0.24716708494941717,5.722800999999976,2.017712000000003,neutral
2018-04-27,1.0165762621856416,5.672184999999978,2.017712000000003,neutral
2018-04-30,0.09387555855957343,5.38440399999997,2.017712000000003,neutral
2018-05-01,-0.7690576230492239,5.883543999999975,2.017712000000003,bear
2018-05-02,0.17768704396810225,4.652420999999971,2.017712000000003,neutral
2018-05-03,-0.6717488112310475,3.1978839999999904,2.017712000000003,bear
2018-05-04,-0.22036474164133135,2.3896810000000013,2.028518000000007,bear
2018-05-07,1.2946462569491954,2.207075999999992,2.0811725000000054,neutral
2018-05-08,0.3383204270355741,2.346341000000001,2.124576500000006,neutral
2018-05-09,0.0,2.3305810000000133,2.177330000000002,neutral
2018-05-10,0.966581747340021,3.62726400000001,2.2081859999999955,neutral
2018-05-11,0.9350649350649283,7.1965849999999865,2.2175300000000053,neutral
2018-05-14,0.30512462318948647,11.052984000000013,2.239100000000012,neutral
2018-05-15,0.04764522631482332,13.369529000000023,2.2540499999999986,neutral
2018-05-16,-0.6886951425012804,13.287521000000044,2.2654164999999873,bear
2018-05-17,0.42050903725562017,11.217361000000023,2.2774364999999976,neutral
2018-05-18,-0.08448427857773222,6.575884000000014,2.2836119999999944,bear
2018-05-21,-0.2499908091614304,4.614900999999988,2.2952545000000057,bear
2018-05-22,0.7518519883536728,3.3706959999999966,2.30836650000001,neutral
2018-05-23,-0.27801148626403444,1.1498890000000086,2.30836650000001,neutral
2018-05-24,0.27511830086937383,0.5600810000000077,2.30836650000001,bull
2018-05-25,-0.20485806262803713,0.5575850000000059,2.30836650000001,neutral
2018-05-29,-0.23826979472142013,0.5477850000000062,2.2952545000000057,neutral
2018-05-30,-1.1501010472166069,1.4958090000000168,2.2836119999999944,neutral
2018-05-31,1.3344732733625873,1.4295200000000228,2.2774364999999976,bull
2018-06-01,-0.6125967499358115,1.5582200000000228,2.2654164999999873,neutral
2018-06-04,0.9817671809256754,1.7825690000000294,2.240713999999998,bull
2018-06-05,0.47514619883039266,2.3234240000000135,2.240713999999998,neutral
2018-06-06,0.07275372862860877,2.881349000000023,2.240713999999998,neutral
2018-06-07,0.8360596146855522,4.8514760000000035,2.2676839999999947,neutral
2018-06-08,-0.010814708002874087,6.436629000000008,2.2836119999999944,bear
2018-06-11,0.29563399069834273,8.20077600000001,2.2952545000000057,neutral
2018-06-12,0.13300262410582858,9.362909000000002,2.30836650000001,neutral
2018-06-13,0.12923607122343972,6.800788999999989,2.318116499999996,neutral
2018-06-14,-0.3190879105119902,6.031148999999987,2.322956500000006,bear
2018-06-15,0.251771391576465,3.140279999999991,2.3237225,neutral
2018-06-18,-0.5740322175582185,1.8048810000000075,2.3237225,neutral
2018-06-19,-0.20567964493197893,1.2119289999999954,2.3237225,neutral
2018-06-20,-0.38328030083887843,1.026409000000007,2.3237225,neutral
2018-06-21,0.1705989110707903,1.2788039999999978,2.3237225,bull
2018-06-22,-0.6268797333043512,2.2394009999999946,2.3237225,neutral
2018-06-25,0.1823220536756126,2.6157959999999947,2.3273010000000003,neutral
2018-06-26,-1.3612870350149264,5.155956000000001,2.3375684999999917,bear
2018-06-27,0.22140221402214863,5.823539999999981,2.3454484999999856,neutral
2018-06-28,-0.8284241531664213,7.951875999999986,2.351972499999997,bear
2018-06-29,0.5717467978466544,6.82291599999999,2.373642499999997,neutral
2018-07-02,0.14396987707186917,5.8875010000000145,2.405828499999993,neutral
2018-07-03,0.21380123857270752,4.635421000000015,2.4376159999999856,neutral
2018-07-05,-0.35312293092034003,3.911381000000027,2.478749999999989,bear
2018-07-06,0.8157991878922246,2.4813810000000105,2.492812500000001,bull
2018-07-09,0.8458130423638835,3.1596450000000162,2.5600199999999935,neutral
2018-07-10,0.9004429598431346,5.780548999999985,2.654618499999997,neutral
2018-07-11,0.3598416696653473,9.294468999999957,2.698432999999998,neutral
2018-07-12,-0.7314449623520846,10.18446099999998,2.7204029999999944,bear
2018-07-13,0.9065953911724304,10.609309000000012,2.783400999999988,neutral
2018-07-16,0.07874861295055677,10.88074899999999,2.8553850000000036,neutral
2018-07-17,-0.08941664580278265,9.894204999999955,2.8913590000000124,bear
2018-07-18,0.40452495167181657,8.877363999999996,2.9122264999999947,neutral
2018-07-19,0.21036117944877347,5.3945159999999746,2.9380939999999938,neutral
2018-07-20,-0.3771436703906647,2.650228999999992,2.9122264999999947,neutral
2018-07-23,-0.11428571428571184,1.3262210000000079,2.8913590000000124,neutral
2018-07-24,0.18592677345537106,1.1505010000000007,2.8093650000000077,bull
2018-07-25,0.5032119914346984,1.460796000000003,2.8093650000000077,bull
2018-07-26,0.8522424629807099,1.8318810000000056,2.8093650000000077,bull
2018-07-27,-0.23590718636668284,2.326939999999996,2.8093650000000077,neutral
2018-07-30,-0.6776311145619959,2.137900999999991,2.8093650000000077,neutral
2018-07-31,-0.5223509345462395,1.9550839999999852,2.8093650000000077,neutral
2018-08-01,0.4929451687801377,1.9005599999999887,2.8093650000000077,bull
2018-08-02,-0.1670635908008284,1.912159999999988,2.8093650000000077,neutral
2018-08-03,0.5447553941465402,1.8335289999999866,2.8093650000000077,bull
2018-08-06,0.42848542795426053,1.8060890000000005,2.8093650000000077,bull
2018-08-07,0.36671368124117193,2.0964649999999905,2.8093650000000077,bull
2018-08-08,0.33024170882518195,2.9551759999999865,2.902216500000005,neutral
2018-08-09,-0.04201974928216421,3.5208209999999793,2.9380939999999938,bear
2018-08-10,-0.13662159321795922,3.957299999999981,2.954139999999993,bear
2018-08-13,-0.6700108745220361,3.669503999999988,3.036688499999981,bear
2018-08-14,-0.3743466591326466,2.686308999999975,3.036688499999981,neutral
2018-08-15,0.6380716058135252,2.2070039999999667,3.036688499999981,bull
2018-08-16,-0.7467418104966554,1.7650359999999856,3.036688499999981,neutral
2018-08-17,0.8091418837390977,1.5557849999999833,3.036688499999981,bull
2018-08-20,0.3520383017672323,1.6498089999999865,3.036688499999981,bull
2018-08-21,0.2139900371851588,1.860443999999994,2.954139999999993,bull
2018-08-22,0.23453635313472154,2.124619999999988,2.9380939999999938,bull
2018-08-23,-0.05936997974434556,2.340388999999999,2.9172265000000115,neutral
2018-08-24,-0.13278820281650608,2.4934610000000057,2.9172265000000115,neutral
2018-08-27,0.6018405122642395,3.1150760000000064,2.954139999999993,neutral
2018-08-28,0.7895377552085081,4.217924000000001,3.0351259999999964,neutral
2018-08-29,0.048312512940866595,5.425536000000008,3.1166384999999908,neutral
2018-08-30,0.5380794701986763,5.303315999999998,3.129240499999983,neutral
2018-08-31,-0.4048305201042976,4.916436000000002,3.1499625000000036,bear
2018-09-04,0.0034447123665142625,4.517960999999999,3.1787645000000033,neutral
2018-09-05,-0.17222968550859427,3.8605290000000068,3.2842899999999933,bear
2018-09-06,-0.26914185155792747,3.2200399999999916,3.295367999999994,neutral
2018-09-07,-0.30100681590144546,2.4461289999999956,3.295367999999994,neutral
2018-09-10,-0.19433647973348217,1.503300000000001,3.295367999999994,neutral
2018-09-11,0.17385257301808066,1.3127889999999909,3.295367999999994,bull
2018-09-12,0.32974661575841324,1.3124239999999934,3.295367999999994,bull
2018-09-13,0.024217263449227876,1.2829839999999928,3.295367999999994,bull
2018-09-14,0.5914499169894782,1.0370889999999808,3.295367999999994,bull
2018-09-17,0.01719217412234342,1.1913689999999764,3.295367999999994,bull
2018-09-18,-0.5294279427942865,1.0779759999999758,3.295367999999994,neutral
2018-09-19,0.542614225478693,1.3228359999999835,3.295367999999994,bull
2018-09-20,0.10656216699322892,1.6353489999999884,3.295367999999994,bull
2018-09-21,0.810383902204504,2.803900999999976,3.295367999999994,bull
2018-09-24,-0.5415900265685588,2.375875999999988,3.295367999999994,neutral
2018-09-25,-0.33220315764239433,1.7404839999999968,3.295367999999994,neutral
2018-09-26,-0.09277712871966938,1.4076240000000015,3.295367999999994,neutral
2018-09-27,-0.2992261392949285,1.1793200000000044,3.295367999999994,neutral
2018-09-28,0.2794259693666353,1.186964000000004,3.295367999999994,bull
2018-10-01,0.010320272455202985,1.1939400000000022,3.295367999999994,bull
2018-10-02,0.347413318657124,0.9097689999999933,3.295367999999994,bull
2018-10-03,-0.05827306070682339,0.9037239999999945,3.295367999999994,neutral
2018-10-04,0.054877212237626906,0.9168239999999969,3.295367999999994,bull
2018-10-05,-0.781571369806674,0.6245400000000095,3.295367999999994,neutral
2018-10-08,-0.559701492537315,1.3221810000000151,3.2089619999999908,neutral
2018-10-09,0.0,1.9321010000000243,3.1787645000000033,neutral
2018-10-10,-0.14592453616844414,2.5823360000000393,3.1499625000000036,neutral
2018-10-11,-3.166318719554616,14.646380000000025,3.1787645000000033,bear
2018-10-12,-2.2026590010779716,38.21863599999999,3.2089619999999908,bear
2018-10-15,1.388837858691249,46.47358900000002,3.295367999999994,neutral
2018-10-16,-0.5616959594129413,51.53221600000003,3.4457584999999877,bear
2018-10-17,2.186588921282799,45.10405600000002,3.5740424999999947,neutral
2018-10-18,0.017831669044226596,35.848004999999965,3.6390699999999887,neutral
2018-10-19,-1.4441076840791627,30.222548999999965,3.6601899999999774,bear
2018-10-22,-0.054269175108530125,24.43176399999995,3.6872939999999876,bear
2018-10-23,-0.4488687782805463,16.48572099999995,3.782806499999997,bear
2018-10-24,-0.5090723973673602,6.7734239999999675,3.885955000000017,bear
2018-10-25,-3.029860019736128,16.72908399999996,3.9234010000000126,bear
2018-10-26,1.7940600030152236,18.30348099999998,3.9463604999999893,neutral
2018-10-29,-1.758738151658768,25.983864999999987,4.087611999999991,bear
2018-10-30,-0.5540270606414542,34.55920899999994,4.3176425000000025,bear
2018-10-31,1.4818464337148367,29.39227599999998,4.43657050000002,neutral
2018-11-01,1.0680808156253554,20.312703999999986,4.486870500000016,neutral
2018-11-02,1.0641835716661108,17.611421000000007,4.5664309999999935,neutral
2018-11-05,-0.5923000987166848,13.991748999999995,4.625161000000002,bear
2018-11-06,0.55169369965795,12.507828999999997,4.6439209999999935,neutral
2018-11-07,0.6327956399283142,13.942479999999993,4.6779549999999706,neutral
2018-11-08,2.1408839779005473,22.385268999999987,4.737036499999979,neutral
2018-11-09,-0.18148820326678441,29.700108999999998,4.811029999999996,bear
2018-11-12,-0.9768270944741565,26.27564399999998,4.87831849999998,bear
2018-11-13,-1.8685195852534555,16.233885000000026,4.910242499999986,bear
2018-11-14,-0.1871078988883556,12.188844000000003,4.9158800000000085,bear
2018-11-15,-0.6836727192531109,12.56788900000001,5.036196000000001,bear
2018-11-16,1.043671354552181,12.716016000000014,5.229635999999999,neutral
2018-11-19,0.2600542084829084,11.967504000000003,5.343859999999983,neutral
2018-11-20,-1.6914477770065377,14.950340999999975,5.389459999999972,bear
2018-11-21,-1.8506131549609877,24.491740999999962,5.410025999999991,bear
2018-11-23,0.3407542026351572,23.188556,5.459880499999981,neutral
2018-11-26,-0.6678741227077133,19.98178099999999,5.568492499999968,bear
2018-11-27,1.6144349477682813,13.70266100000001,5.657472499999979,neutral
2018-11-28,0.3364485981308326,12.337820000000011,5.697492999999977,neutral
2018-11-29,2.3025335320417315,14.633035999999995,5.749144999999968,neutral
2018-11-30,-0.21851555102336875,16.907840000000018,5.778018999999974,bear
2018-12-03,0.6095335425943349,19.502861000000003,5.802044499999983,neutral
2018-12-04,1.3241429348812024,26.970560000000013,5.853541999999978,neutral
2018-12-06,-3.2402434658073798,26.86188500000002,5.885522499999995,bear
2018-12-07,-0.15171137835338577,22.845301000000035,5.897441000000007,bear
2018-12-10,-2.32359916987844,24.704056000000026,5.944860999999998,bear
2018-12-11,0.18970292521910687,23.55392400000003,6.006744999999992,neutral
2018-12-12,0.022721248153899448,26.74228100000003,6.044906999999975,neutral
2018-12-13,0.5035399235225019,28.68268100000003,6.072436999999951,neutral
2018-12-14,-0.03390341294356023,28.033376000000043,6.118036499999971,bear
2018-12-17,-1.8464785017145786,31.44194899999996,6.213062499999994,bear
2018-12-18,-1.9618382155334637,36.682855999999965,6.286462999999963,bear
2018-12-19,-0.109649122807018,23.9964199999999,6.3666469999999755,bear
2018-12-20,-1.497569389995304,30.284008999999912,6.443486500000024,bear
2018-12-21,-1.6277959086205538,38.547223999999986,6.5131140000000265,bear
2018-12-24,-2.617631589594206,65.60472100000004,6.6746539999999905,bear
2018-12-26,-2.6422933111757314,102.56208400000006,6.786332499999981,bear
2018-12-27,5.052487838183837,94.95666900000005,6.800014999999992,neutral
2018-12-28,0.7677309285888319,75.8433200000001,6.81185249999999,neutral
2018-12-31,-0.1289958479461415,51.0308360000001,6.907490499999968,bear
2019-01-02,0.8758829465186629,36.082541000000035,7.066362499999968,neutral
2019-01-03,0.10403329065301671,30.440485000000013,7.168622499999989,neutral
2019-01-04,-2.386281877048525,23.64999599999998,7.221312499999971,bear
2019-01-07,3.349576184431423,24.958648999999976,7.252730499999984,neutral
2019-01-08,0.7884623004081023,31.193135999999974,7.295192999999992,neutral
2019-01-09,0.939539271955337,34.79120899999994,7.35391049999998,neutral
2019-01-10,0.4673443159247753,18.507775999999996,7.40835000000001,neutral
2019-01-11,0.3527541962243548,21.334796000000004,7.40835000000001,neutral
2019-01-14,0.03862793572312374,23.35860100000002,7.40835000000001,neutral
2019-01-15,-0.6100857209051049,21.331136000000004,7.40835000000001,bear
2019-01-16,1.146076146076164,22.38560900000002,7.40835000000001,neutral
2019-01-17,0.24198194737852716,22.145849000000037,7.417582500000004,neutral
2019-01-18,0.7586788259636605,8.70772400000003,7.484146999999992,neutral
2019-01-22,1.3310009126863402,10.43974099999998,7.531050499999985,neutral
2019-01-23,-1.3510470614726287,8.206108999999982,7.55909049999997,bear
2019-01-24,0.2092368561211334,7.405324999999978,7.531050499999985,bull
2019-01-25,0.05314908317830999,6.798220999999995,7.484146999999992,bull
2019-01-28,0.8461392525137399,7.352980999999967,7.431816999999999,bull
2019-01-29,-0.760027090074491,6.261228999999978,7.431816999999999,neutral
2019-01-30,-0.13269639065816116,3.080135999999952,7.391090499999984,neutral
2019-01-31,1.5830834060969432,3.4438049999999523,7.364918499999979,bull
2019-02-01,0.878242021077817,5.112979999999972,7.364918499999979,bull
2019-02-04,0.04816063423850459,6.795679999999966,7.364918499999979,bull
2019-02-05,0.7035473598459517,10.376179999999943,7.391090499999984,neutral
2019-02-06,0.41917929107223245,12.91160399999998,7.391090499999984,neutral
2019-02-07,-0.1318198462101844,13.573101000000008,7.391090499999984,bear
2019-02-08,-0.953288846520504,11.370064000000017,7.391090499999984,bear
2019-02-11,0.12215888058045492,10.473805000000004,7.391090499999984,neutral
2019-02-12,0.05545901578732475,7.087708999999988,7.364918499999979,bull
2019-02-13,1.285935998817537,3.28100000000003,7.341972999999969,bull
2019-02-14,0.3246990149580395,3.050549000000016,7.295192999999992,bull
2019-02-15,-0.22182624822721322,3.1586840000000107,7.252730499999984,neutral
2019-02-19,1.0897295721262517,4.757381000000008,7.221312499999971,bull
2019-02-20,0.17305404333562324,6.669864000000013,7.142146999999987,bull
2019-02-21,0.20154759762461838,8.702001000000028,7.142146999999987,neutral
2019-02-22,-0.3555906756222869,9.393705000000029,7.142146999999987,bear
2019-02-25,0.6199985581428774,8.700704999999985,7.142146999999987,neutral
2019-02-26,0.13613240667765117,7.012879999999986,7.050294499999987,bull
2019-02-27,-0.07155123068116365,3.8025799999999768,7.002472499999965,neutral
2019-02-28,-0.04296147787484052,2.9304799999999847,6.907490499999968,neutral
2019-03-01,-0.18624641833810238,2.1116689999999894,6.81185249999999,neutral
2019-03-04,0.6243720396153327,0.8662209999999885,6.81185249999999,bull
2019-03-05,-0.3637401041295338,0.6837239999999861,6.799504999999993,neutral
2019-03-06,-0.13600572655690604,0.5528009999999913,6.796950499999981,neutral
2019-03-07,-0.6056913482904444,0.7966649999999985,6.784551999999967,neutral
2019-03-08,-0.836548516208125,2.0544440000000064,6.721643999999991,neutral
2019-03-11,-0.19999272753718458,3.617564000000015,6.622874000000014,neutral
2019-03-12,1.450120236099985,3.4451960000000184,6.506256500000011,bull
2019-03-13,0.37710099123689533,3.4883250000000223,6.3666469999999755,bull
2019-03-14,0.6619199255787205,4.352029000000012,6.27894699999996,bull
2019-03-15,-0.06397952655148574,5.064781000000029,6.205546499999992,neutral
2019-03-18,0.05335040546307342,5.458784000000025,6.118036499999971,bull
2019-03-19,0.3625893142796139,6.6439690000000216,6.118036499999971,neutral
2019-03-20,0.024793681153257956,7.693121000000012,6.205546499999992,neutral
2019-03-21,-0.30099150141641856,7.610409000000013,6.27894699999996,bear
2019-03-22,1.1294619072988836,6.9008490000000275,6.27894699999996,neutral
2019-03-25,-1.9246303515611345,2.967780000000002,6.1737189999999575,neutral
2019-03-26,-0.07520143240822902,2.6689799999999915,6.072436999999951,neutral
2019-03-27,0.7454128440366915,2.3310809999999944,6.044906999999975,bull
2019-03-28,-0.5229083665338742,2.6161840000000027,5.959325000000001,neutral
2019-03-29,0.37904523511532356,2.642869000000005,5.885522499999995,bull
2019-04-01,0.6305439777706667,2.7897040000000093,5.853541999999978,bull
2019-04-02,1.1859246672330663,4.5950039999999985,5.802044499999983,bull
2019-04-03,0.04898016303398636,6.2589810000000226,5.802044499999983,neutral
2019-04-04,0.15735916354862,7.923060000000032,5.802044499999983,neutral
2019-04-05,0.26534459884085987,9.54618500000003,5.802044499999983,neutral
2019-04-08,0.4840169928267937,10.811841000000017,5.802044499999983,neutral
2019-04-09,0.07623800117823311,10.286316000000053,5.802044499999983,neutral
2019-04-10,-0.512483119221586,9.337389000000053,5.802044499999983,bear
2019-04-11,0.3410949845115096,6.308205000000028,5.802044499999983,neutral
2019-04-12,-0.027749835235367483,3.203204999999987,5.778018999999974,neutral
2019-04-15,0.6765899864682161,1.7148210000000077,5.749144999999968,bull
2019-04-16,-0.06548111386820984,1.7313810000000047,5.697492999999977,neutral
2019-04-17,0.06552401972617779,1.5373840000000167,5.657472499999979,bull
2019-04-18,-0.24469258340227332,1.099549000000016,5.550772000000002,neutral
2019-04-22,0.19692520297114985,0.9001810000000103,5.442160000000017,bull
2019-04-23,0.08620095165850632,0.9824610000000034,5.410025999999991,bull
2019-04-24,0.8991628483825451,2.101076,5.389459999999972,bull
2019-04-25,-0.22193389784211187,1.955444000000006,5.389459999999972,neutral
2019-04-26,-0.061595318755776896,1.8185800000000154,5.343859999999983,neutral
2019-04-29,0.4656736860126737,1.8289800000000116,5.229635999999999,bull
2019-04-30,0.15677720595752684,2.3999490000000145,5.134467999999986,bull
2019-05-01,0.05104297818762625,2.692764000000012,5.0888805,bull
2019-05-02,-0.7516495476498128,2.384709000000021,4.9906085000000155,neutral
2019-05-03,-0.21589390356738816,1.7714240000000134,4.9906085000000155,neutral
2019-05-06,0.978776014836172,1.4911249999999956,4.9906085000000155,bull
2019-05-07,-0.41152263374484904,0.9007999999999863,4.9906085000000155,neutral
2019-05-08,-1.6699678983675932,3.0565249999999815,4.9906085000000155,neutral
2019-05-09,-0.1389226548119453,5.143325000000005,5.0888805,bear
2019-05-10,-0.302577122387211,7.55858399999998,5.128152499999988,bear
2019-05-13,0.5023372636572935,7.883024999999952,5.149640500000003,neutral
2019-05-14,-2.5130163137799406,15.115283999999923,5.149640500000003,bear
2019-05-15,0.9043651641387038,15.652655999999965,5.149640500000003,neutral
2019-05-16,0.585744530698668,15.192980999999957,5.149640500000003,neutral
2019-05-17,0.9261208166701699,13.900508999999953,5.149640500000003,neutral
2019-05-20,-0.646506777893644,9.092159999999994,5.149640500000003,bear
2019-05-21,-0.6612090680100708,5.1210610000000045,5.1321930000000044,neutral
2019-05-22,0.9015671773199516,4.670068999999998,5.1321930000000044,bull
2019-05-23,-0.30714460228264123,4.246749000000008,5.1321930000000044,neutral
2019-05-24,-1.2218604488324087,4.920229000000006,5.1321930000000044,neutral
2019-05-28,0.22683774012900912,4.082860999999991,5.1321930000000044,bull
2019-05-29,-0.9300516302425899,4.629064000000019,5.1321930000000044,neutral
2019-05-30,-0.6710690701409944,7.937401000000021,5.149640500000003,bear
2019-05-31,0.27311603837998744,9.693940000000026,5.229635999999999,neutral
2019-06-03,-1.347525355696517,12.412381000000021,5.348915999999987,bear
2019-06-04,-0.25429578232280625,15.091260000000016,5.410025999999991,bear
2019-06-05,2.170666860909779,14.00985600000001,5.442160000000017,neutral
2019-06-06,0.866217516843121,10.868461,5.619666500000005,neutral
2019-06-07,0.6502685891998982,10.017960000000013,5.802044499999983,neutral
2019-06-10,1.0007022471909992,15.053549000000004,5.855520499999997,neutral
2019-06-11,0.4588910133843387,21.19960000000008,5.855520499999997,neutral
2019-06-12,-0.024223967885957026,26.21772500000006,5.855520499999997,bear
2019-06-13,-0.17653167185877153,27.69322100000005,5.855520499999997,bear
2019-06-14,0.4126356669787433,29.10797600000003,5.855520499999997,neutral
2019-06-17,-0.11050486912079328,21.842969000000018,5.855520499999997,bear
2019-06-18,0.03802807163106328,9.023209000000033,6.073241000000019,neutral
2019-06-19,1.04710232574212,6.246815999999994,6.252898500000008,bull
2019-06-20,0.22571819425445455,4.786355999999986,6.252898500000008,bull
2019-06-21,0.9554357469460216,5.9786240000000275,6.252898500000008,bull
2019-06-24,-0.6286757250050745,6.186269000000019,6.252898500000008,neutral
2019-06-25,-0.12244897959184137,6.272664000000029,6.260105,bear
2019-06-26,-0.98079280751941,5.636916000000022,6.260105,neutral
2019-06-27,-0.09973861604070836,4.677620000000007,6.260105,neutral
2019-06-28,0.3545977209350269,4.1415560000000005,6.260105,bull
2019-07-01,0.5145797598627788,3.326983999999996,6.252898500000008,bull
2019-07-02,0.9078498293515443,3.068465000000012,6.216542500000006,bull
2019-07-03,0.2604342826219244,4.018336000000009,6.216542500000006,bull
2019-07-05,0.7995142192085837,6.549676000000015,6.252898500000008,neutral
2019-07-08,-0.11378848728247383,8.11903599999999,6.260105,bear
2019-07-09,-0.5494873684915856,8.681343999999985,6.266946500000003,bear
2019-07-10,0.12465467286571139,9.166628999999979,6.290434500000028,neutral
2019-07-11,0.47780880917931823,8.198723999999974,6.428940500000021,neutral
2019-07-12,0.2344194769096777,5.995795999999999,6.290434500000028,bull
2019-07-15,0.44769636831378,4.238080999999979,6.266946500000003,bull
2019-07-16,0.033261267254289954,2.679555999999978,6.260105,bull
2019-07-17,-0.3458021612635147,2.043300999999988,6.252898500000008,neutral
2019-07-18,-0.6573020586566917,1.6100839999999903,6.216542500000006,neutral
2019-07-19,0.366091220527969,1.6101409999999905,6.091032500000009,bull
2019-07-22,-0.5554997824850143,1.8494359999999834,6.091032500000009,neutral
2019-07-23,0.24565063768212178,1.5530839999999848,6.091032500000009,bull
2019-07-24,0.7150050352467257,1.3724599999999816,6.091032500000009,bull
2019-07-25,0.46995300469953843,1.8329009999999866,6.091032500000009,bull
2019-07-26,-0.47770700636942603,1.8698159999999873,6.091032500000009,neutral
2019-07-29,0.669999999999997,2.3702959999999904,6.091032500000009,bull
2019-07-30,-0.18211317506043223,2.584928999999984,6.091032500000009,neutral
2019-07-31,-0.24547203609100787,2.6930999999999914,6.091032500000009,neutral
2019-08-01,-1.094040968342651,2.825128999999991,6.091032500000009,neutral
2019-08-02,-0.8707931277947859,4.9514000000000085,6.091032500000009,neutral
2019-08-05,-0.752950752950743,8.752925000000003,6.216542500000006,bear
2019-08-06,-3.007313239013058,29.256221,6.252898500000008,bear
2019-08-07,1.402297230639144,36.37530399999999,6.260105,neutral
2019-08-08,0.059068797776239024,38.62614099999996,6.266946500000003,neutral
2019-08-09,1.962009931590088,35.73982899999995,6.290434500000028,neutral
2019-08-12,-0.6811525100469995,29.286599999999975,6.428940500000021,bear
2019-08-13,-1.217337631163847,23.275829000000027,6.596822500000018,bear
2019-08-14,1.5551775610094833,14.791283999999987,6.656916500000017,neutral
2019-08-15,-2.9567595282857746,13.95918900000001,6.721643999999991,bear
2019-08-16,0.26417752729834454,12.790396000000062,6.784551999999967,neutral
2019-08-19,1.4754962234323015,11.08522500000006,6.796950499999981,neutral
2019-08-20,1.2047775662108227,10.003604000000038,6.849535000000012,neutral
2019-08-21,-0.7662573119419865,9.86368500000004,6.956864500000007,bear
2019-08-22,0.8135406253231803,10.420101000000043,7.050294499999987,neutral
2019-08-23,-0.030774491366036924,9.603621000000048,7.220344999999977,bear
2019-08-26,-2.568750855110135,11.111300000000018,7.379152999999972,bear
2019-08-27,1.1058451816745574,11.124901000000017,7.481954499999979,neutral
2019-08-28,-0.39236111111110955,9.999125000000003,7.584496499999997,bear
2019-08-29,0.7041517063478167,7.714203999999984,7.651765000000013,neutral
2019-08-30,1.2773027796046932,6.5794209999999556,7.651765000000013,bull
2019-09-03,-0.044432292022693096,7.114380999999959,7.651765000000013,neutral
2019-09-04,-0.5847153359548571,6.628635999999965,7.651765000000013,neutral
2019-09-05,1.135034738942014,8.16084099999998,7.703662499999998,neutral
2019-09-06,1.2855393823969434,13.040559999999974,7.798614499999967,neutral
2019-09-09,0.0772278557518025,17.66140899999998,7.903042499999993,neutral
2019-09-10,0.050327126321079434,16.135504,7.930230500000027,neutral
2019-09-11,-0.023474178403753584,15.719160999999996,8.028218500000005,bear
2019-09-12,0.711099184919332,13.348225000000014,8.139938499999985,neutral
2019-09-13,0.3463780183180751,11.748625000000017,8.179782499999977,neutral
2019-09-16,-0.0663812273889095,11.841383999999982,8.202416499999977,bear
2019-09-17,-0.308877744196071,9.85760099999998,8.443726499999983,bear
2019-09-18,0.25319829424306733,4.449984999999993,8.443726499999983,bull
2019-09-19,0.059816562541541544,1.9394490000000157,8.443726499999983,bull
2019-09-20,-0.006642311524423332,1.6695210000000063,8.443726499999983,neutral
2019-09-23,-0.929985385943939,1.5833400000000206,8.443726499999983,neutral
2019-09-24,-0.023467882526482894,1.5796490000000234,8.443726499999983,neutral
2019-09-25,-0.784681935548766,2.907625000000018,8.443726499999983,neutral
2019-09-26,0.5914759860749653,3.306596000000016,8.443726499999983,bull
2019-09-27,-0.20831933337813474,3.4803410000000086,8.443726499999983,neutral
2019-09-30,-0.5387205387205464,4.167124000000033,8.443726499999983,neutral
2019-10-01,0.4637779282329061,4.119325000000027,8.443726499999983,bull
2019-10-02,-1.1894733295144297,5.288220999999999,8.443726499999983,neutral
2019-10-03,-1.7664711499113375,11.091020999999955,8.691024499999985,bear
2019-10-04,0.8192737624106137,10.813860999999946,8.701353000000006,neutral
2019-10-07,1.3532125886646948,9.694203999999957,8.70486250000003,neutral
2019-10-08,-0.43145914727366685,8.455308999999978,8.70486250000003,neutral
2019-10-09,-1.5524771393476224,10.824661000000003,8.730324500000016,bear
2019-10-10,0.9496412851349979,9.153975999999998,8.888067000000017,neutral
2019-10-11,0.676348405259734,7.276983999999999,8.888067000000017,bull
2019-10-14,1.0366934933842462,7.868343999999991,8.730324500000016,bull
2019-10-15,-0.11138112596192254,7.232515999999999,8.70486250000003,neutral
2019-10-16,0.9900321000168971,10.995523999999996,8.70486250000003,neutral
2019-10-17,-0.16059957173448147,10.38959999999999,8.70486250000003,bear
2019-10-18,0.2949061662198376,11.039923999999994,8.70486250000003,neutral
2019-10-21,-0.43771718791765085,11.802296000000023,8.70486250000003,bear
2019-10-22,0.6779205960331516,13.048169000000035,8.70486250000003,neutral
2019-10-23,-0.3266775559185367,7.319801000000007,8.701353000000006,neutral
2019-10-24,0.29096016855623713,4.078135999999994,8.691024499999985,bull
2019-10-25,0.16339869281046054,2.025409000000015,8.691024499999985,bull
2019-10-28,0.40949495622066723,2.1030810000000173,8.568326499999982,bull
2019-10-29,0.5636604774535771,2.2860960000000183,8.330708999999981,bull
2019-10-30,-0.02967359050446153,3.117889000000005,8.202416499999977,neutral
2019-10-31,0.3067181161571211,3.9008249999999856,8.179782499999977,bull
2019-11-01,-0.26632471887946413,4.085099999999968,8.139938499999985,neutral
2019-11-04,0.9263838064154558,4.683960999999977,8.028218500000005,bull
2019-11-05,0.40177696478735814,6.4758249999999915,7.930230500000027,bull
2019-11-06,-0.11061587012396519,6.129360999999969,7.903042499999993,neutral
2019-11-07,0.022799075008973074,5.395808999999986,7.875684499999972,bull
2019-11-08,0.3516769781829971,4.654639999999999,7.791273999999987,bull
2019-11-11,0.24660912453760495,4.30672400000002,7.703662499999998,bull
2019-11-12,-0.19097559396645788,4.0022090000000405,7.651765000000013,neutral
2019-11-13,0.210799416247763,3.3496760000000294,7.584496499999997,bull
2019-11-14,0.032362459546932926,2.7683640000000294,7.481954499999979,bull
2019-11-15,0.1455839534131312,1.1200640000000148,7.379152999999972,bull
2019-11-18,0.7236310773703793,1.8054090000000156,7.336390999999987,bull
2019-11-19,0.07376759998715846,2.569403999999999,7.298392500000003,bull
2019-11-20,-0.028844304852245047,2.695823999999983,7.254749999999999,neutral
2019-11-21,-0.3718783060302071,2.0759609999999857,7.173448499999979,neutral
2019-11-22,-0.1608906908646266,1.723795999999986,7.101044999999973,neutral
2019-11-25,0.22238695329873912,1.5933039999999816,7.050294499999987,bull
2019-11-26,0.7750192950861928,1.8292439999999945,6.956864500000007,bull
2019-11-27,0.22656923126016512,2.2458039999999864,6.849535000000012,bull
2019-11-29,0.44574630667346987,2.9948160000000157,6.796950499999981,bull
2019-12-02,-0.37086344617725875,2.6806560000000257,6.73277199999999,neutral
2019-12-03,-0.8494798129235519,2.7039210000000313,6.656916500000017,neutral
2019-12-04,-0.670645616737253,3.4817240000000202,6.636302499999993,neutral
2019-12-05,0.6170247132934802,3.530369000000024,6.60402849999996,bull
2019-12-06,0.17979836897193935,3.316244000000021,6.564548499999985,bull
2019-12-09,0.9134029869880209,3.34016400000002,6.512750500000003,bull
2019-12-10,-0.3144154730523737,3.048164000000013,6.3920150000000096,neutral
2019-12-11,-0.1115075825156183,3.060196000000011,6.290434500000028,neutral
2019-12-12,0.28386438299366673,3.1384640000000186,6.266946500000003,bull
2019-12-13,0.8619044590038736,4.163609000000009,6.260105,bull
2019-12-16,0.059912338788508726,5.598476000000006,6.252898500000008,bull
2019-12-17,0.6870036556157844,8.105816000000008,6.252898500000008,neutral
2019-12-18,0.021909233176836677,7.486580000000027,6.252898500000008,neutral
2019-12-19,0.0062584097380798615,7.077641,6.252898500000008,neutral
2019-12-20,0.4099001846115342,6.781048999999977,6.252898500000008,neutral
2019-12-23,-0.05297600498596419,7.292041,6.252898500000008,bear
2019-12-24,0.15277647865806412,6.596209000000021,6.252898500000008,neutral
2019-12-26,0.0031131311873454034,4.4463690000000025,6.216542500000006,bull
2019-12-27,0.5323288609407526,2.9008410000000167,6.157814999999994,bull
2019-12-30,-0.02477240354244878,2.5518840000000207,6.062578499999984,neutral
2019-12-31,-0.5513225546676669,1.3682360000000147,5.9872100000000135,neutral
2020-01-02,0.24293011087580343,1.1794360000000164,5.8077700000000245,bull
2020-01-03,0.9351892127011716,1.981856000000014,5.617696000000014,bull
2020-01-06,-0.7572259673099946,1.4917400000000023,5.528630000000016,neutral
2020-01-07,0.3815018144598372,1.5591439999999879,5.427296500000006,bull
2020-01-08,-0.2811766159930689,1.2975439999999918,5.342014999999993,neutral
2020-01-09,0.5329532426486445,1.419960999999991,5.215773000000002,bull
2020-01-10,0.6780705809831988,2.3543689999999784,5.1321930000000044,bull
2020-01-13,-0.2877697841726612,2.8183439999999695,5.117020499999988,neutral
2020-01-14,0.6877283473028182,4.3702849999999644,5.0888805,bull
2020-01-15,-0.15246226558926665,4.1301359999999505,5.008090500000019,neutral
2020-01-16,0.22598870056497453,4.049744999999963,4.935814500000007,bull
2020-01-17,0.8318352174045578,6.696619999999984,4.935814500000007,neutral
2020-01-21,0.3112534751601513,8.018864000000004,4.935814500000007,neutral
2020-01-22,-0.19581262238288216,8.207300000000009,4.935814500000007,bear
2020-01-23,0.012073649260478,6.269189000000027,4.935814500000007,neutral
2020-01-24,0.11468582121085662,5.004936000000041,4.935814500000007,neutral
2020-01-27,-0.8893042324852422,4.278200000000033,4.853292499999997,neutral
2020-01-28,-1.6029443075706367,6.4062090000000165,4.853292499999997,bear
2020-01-29,1.0479134466769664,6.79544100000002,4.853292499999997,neutral
2020-01-30,-0.08259659212578599,7.148440000000013,4.935814500000007,bear
2020-01-31,0.32453615822668613,7.266709000000011,4.978168000000025,neutral
2020-02-03,-1.8157958984374964,11.465619999999976,4.978168000000025,bear
2020-02-04,0.7428589189693178,11.032620999999983,4.978168000000025,neutral
2020-02-05,1.5241268665926193,9.722220999999976,4.978168000000025,neutral
2020-02-06,1.1548045949067074,11.206045000000014,4.978168000000025,neutral
2020-02-07,0.3364777984738342,13.665829000000013,4.978168000000025,neutral
2020-02-10,-0.532966045871019,15.581484,4.978168000000025,bear
2020-02-11,0.7465382299819441,17.072896000000004,4.978168000000025,neutral
2020-02-12,0.17329986853112947,19.876008999999975,4.978168000000025,neutral
2020-02-13,0.64427608423314,23.46376899999999,5.034858500000035,neutral
2020-02-14,-0.1066919566119417,25.34352099999998,5.0929210000000165,bear
2020-02-18,0.16020886489053002,15.931024000000026,5.1321930000000044,neutral
2020-02-19,-0.2577014218009492,6.777425000000025,5.215773000000002,bear
2020-02-20,0.47812787693402925,4.088081,5.1321930000000044,bull
2020-02-21,-0.4108293432641681,3.3416560000000017,5.0929210000000165,neutral
2020-02-24,-1.0298263837364505,3.568356,5.034858500000035,neutral
2020-02-25,-3.316540722082284,19.554743999999957,5.034858500000035,bear
2020-02-26,-3.0302090441039757,64.61710900000008,5.034858500000035,bear
2020-02-27,-0.3678234447465144,103.69280500000009,5.0929210000000165,bear
2020-02-28,-4.491171749598719,191.13162400000013,5.1321930000000044,bear
2020-03-02,-0.4201539444052301,254.1594640000002,5.215773000000002,bear
2020-03-03,4.330655505299394,240.32356100000015,5.342014999999993,neutral
2020-03-04,-2.8632437154226817,234.36474399999997,5.427296500000006,bear
2020-03-05,4.2033040234479095,178.1558640000001,5.528630000000016,neutral
2020-03-06,-3.3241705555200514,122.05098100000018,5.617696000000014,bear
2020-03-09,-1.6531111551940754,68.5684850000001,5.8077700000000245,bear
2020-03-10,-7.80945337188192,121.67868399999989,5.9872100000000135,bear
2020-03-11,5.174488567990372,120.12554099999984,6.062578499999984,neutral
2020-03-12,-4.874835309617919,151.44198899999975,6.157814999999994,bear
2020-03-13,-9.56772124216358,349.13090899999963,6.216542500000006,bear
2020-03-16,8.54862762484381,382.6011649999997,6.252898500000008,neutral
2020-03-17,-10.94237338482103,517.2452689999998,6.2640850000000246,bear
2020-03-18,5.399207838232236,534.6937009999999,6.2640850000000246,neutral
2020-03-19,-5.06329113924051,475.1525089999997,6.2640850000000246,bear
2020-03-20,0.2124999999999962,402.280724,6.2640850000000246,neutral
2020-03-23,-4.868820423267215,346.57000000000016,6.2640850000000246,bear
2020-03-24,-2.556818181818192,392.5784160000002,6.270926500000028,bear
2020-03-25,9.060327427674375,233.80294500000008,6.290434500000028,neutral
2020-03-26,1.4970183014599985,145.752636,6.357207000000022,neutral
2020-03-27,5.838972405689046,173.955041,6.441017000000004,neutral
2020-03-30,-2.9785604900459424,117.89800099999995,6.512750500000003,bear
2020-03-31,3.2475731986425656,147.16668099999993,6.564548499999985,neutral
2020-04-01,-1.4905407987769836,156.96817599999991,6.587814999999988,bear
