date,decision,today_regime,bear_state,bull_state,vol_ratio,ret_ratio,n_bars_window,n_obs,last_volatility,last_return,error
2017-08-30,neutral,2,1,2,0.20028303729027652,0.3201978837455311,2718,2708,1.4790889999999917,0.11448665003884415,
2017-08-31,bull,0,1,2,0.9533011295270046,0.5158797619723019,2718,2708,1.07723599999999,0.4737594445578912,
2017-09-01,neutral,0,1,0,0.5786266199831204,0.48406933677839176,2718,2708,1.7829959999999958,0.6016015609121654,
2017-09-05,neutral,0,2,0,0.2363799631561071,0.5450813945798421,2718,2708,2.101569,0.14141985534768853,
2017-09-06,neutral,0,1,0,0.783316765911761,0.4202738525458864,2718,2708,1.5334010000000033,-0.7182052937378959,
2017-09-07,bull,0,1,0,0.6673246565272148,0.5302418985303138,2718,2708,1.6969210000000043,0.34138015118263976,
2017-09-08,bull,0,1,0,0.7000486527363148,0.5454593974059218,2718,2708,1.658344000000005,-0.012150668286756231,
2017-09-11,bull,0,1,0,0.9071641527348446,0.53982742691791,2718,2708,1.2654410000000091,-0.11747073358447442,
2017-09-12,neutral,0,1,0,0.6586555646148674,0.3297148201228662,2718,2708,1.7113760000000124,1.0665909643928928,
2017-09-13,neutral,0,1,0,0.19820821436845804,0.5309451551746199,2718,2708,2.1475840000000126,0.3370651257975215,
2017-09-14,neutral,0,1,0,0.13677466223072113,0.5466495458405723,2718,2708,2.2092959999999993,0.047990401919606525,
2017-09-15,neutral,2,1,0,0.960443855126546,0.3183661597476626,2718,2708,2.3137439999999936,-0.03197825478673865,
2017-09-18,neutral,1,2,0,0.9846500399907046,0.33641141456342594,2718,2708,2.3576039999999927,-0.35987044663921214,
2017-09-19,neutral,1,2,0,1.0,0.32108388909401553,2718,2708,2.504243999999992,0.21268911272523022,
2017-09-20,neutral,1,2,0,0.6201334255311728,0.31198135618986583,2718,2708,1.9846049999999902,0.10011212558065033,
2017-09-21,neutral,2,1,0,0.28355266311624144,0.31803522195988343,2718,2708,1.6351089999999915,0.036004320518463584,
2017-09-22,bull,0,1,0,0.9622047049237952,0.5225805340450212,2718,2708,1.036860999999993,-0.2679356954331024,
2017-09-25,bull,0,1,0,0.9999999910142842,0.5453393833071658,2718,2708,0.13538900000000045,0.02004891936325088,
2017-09-26,bull,0,1,0,0.9999997377483721,0.5305460607657038,2718,2708,0.17150900000000013,-0.20445798588838637,
2017-09-27,bull,0,2,0,0.9999992650549452,0.5460105491025268,2718,2708,0.1884839999999976,0.06025790382838777,
2017-09-28,bull,0,1,0,0.9999996449281511,0.5240358417401725,2718,2708,0.1761960000000001,0.38943311385900065,
2017-09-29,bull,0,1,0,0.9999980686212722,0.5456133467537011,2718,2708,0.2081759999999989,0.11997600479903338,
2017-10-02,bull,0,1,0,0.999721086090732,0.5291418560243667,2718,2708,0.4080959999999954,0.35150788895546053,
2017-10-03,bull,0,1,0,0.973067793582853,0.5173634429367275,2718,2708,0.9634559999999922,0.43386538231899197,
2017-10-04,bull,0,2,0,0.7103055765503741,0.5421842448967158,2718,2708,1.6504089999999991,0.21401395053900618,
2017-10-05,neutral,0,2,0,0.046514801693501494,0.5461574199209849,2718,2708,2.322488999999998,0.11864272720081583,
2017-10-06,neutral,0,1,2,0.9873977069369481,0.352466946243264,2718,2708,3.46133599999999,0.5925106651919735,
2017-10-09,neutral,1,2,0,0.9471182703254704,0.3208720997680355,2718,2708,3.90552899999999,-0.11387732663158409,
2017-10-10,neutral,2,1,0,0.9909193405402655,0.3229213749160244,2718,2708,3.391480999999989,-0.16511381059087782,
2017-10-11,neutral,2,1,0,0.9999999940469548,0.3232147209431283,2718,2708,2.693440999999999,0.26383146288640125,
2017-10-12,neutral,2,1,0,0.8832354483444743,0.3195490181706703,2718,2708,2.225764000000011,0.15709685020815556,
2017-10-13,neutral,2,1,0,0.13847428487219085,0.3225729072683514,2718,2708,1.3905010000000053,-0.14900792094738605,
2017-10-16,bull,0,2,0,0.9884055833142659,0.5453048021390691,2718,2708,0.8109249999999987,0.12174049638705713,
2017-10-17,bull,0,1,0,0.9980154747282688,0.5449578580817397,2718,2708,0.5742159999999954,0.1333594822514232,
2017-10-18,bull,0,2,0,0.9997130117391237,0.546039846245387,2718,2708,0.408481000000001,0.07050804966900656,
2017-10-19,bull,0,2,0,0.9999880179850529,0.54578611453714,2718,2708,0.2543690000000013,0.09785884839707205,
2017-10-20,bull,0,1,0,0.9999364057603812,0.5455697302061527,2718,2708,0.32205600000000045,0.02737368997340575,
2017-10-23,bull,1,2,1,0.9958080438585897,0.502955787077878,2718,2708,0.6623640000000083,0.5160483208882372,
2017-10-24,bull,1,2,1,0.9988868168496347,0.5023173579103387,2718,2708,0.5180760000000076,-0.3889385865971763,
2017-10-25,bull,1,2,1,0.9987851048219838,0.5432210923277933,2718,2708,0.5262240000000091,0.17570575143492584,
2017-10-26,neutral,0,1,0,0.9990936407273936,0.48034135008140777,2718,2708,0.4979010000000111,-0.49501091362644617,
2017-10-27,bull,0,1,0,0.9998216237068152,0.5454642751559295,2718,2708,0.37794900000000825,0.129264757726512,
2017-10-30,neutral,0,1,0,0.997517533990279,0.4234278090178294,2718,2708,0.5993009999999993,0.8176199045458004,
2017-10-31,bull,0,1,0,0.9982035266310593,0.5056442413949556,2718,2708,0.564260999999998,-0.3725117380000697,
2017-11-01,bull,1,2,1,0.9981270398533704,0.5445825086443962,2718,2708,0.5686289999999944,0.15579357351508366,
2017-11-02,bull,1,2,1,0.9971149282644752,0.5453310202352423,2718,2708,0.616595999999997,0.13221854948474893,
2017-11-03,bull,2,1,2,0.9967242594652551,0.546000487033826,2718,2708,0.6317159999999917,0.038836459668323386,
2017-11-06,bull,1,2,1,0.9815587083087903,0.5311456711888974,2718,2708,0.8930159999999884,0.3338638922318466,
2017-11-07,bull,0,1,0,0.9402609648712926,0.5444881968858307,2718,2708,1.1511240000000023,0.15476881408397528,
2017-11-08,bull,0,1,0,0.8958651840488269,0.5422972414618664,2718,2708,1.3045210000000087,-0.06953834266950235,
2017-11-09,bull,0,1,0,0.9624173075785353,0.5437502841261679,2718,2708,1.0386490000000113,0.17010090076158724,
2017-11-10,bull,0,1,0,0.9985549975536505,0.5074260647059867,2718,2708,0.5431840000000148,-0.3627802863648635,
2017-11-13,bull,0,2,0,0.9986769594613321,0.5441983752897815,2718,2708,0.5345960000000132,-0.030987333927273084,
2017-11-14,bull,0,2,0,0.999887832470387,0.5461813279930824,2718,2708,0.3541600000000129,0.09299081715680929,
2017-11-15,bull,0,1,0,0.9999859737932412,0.5275597222183488,2718,2708,0.26379600000000625,-0.23226106143303757,
2017-11-16,neutral,0,2,0,0.9988389176959132,0.4796457012219591,2718,2708,0.5222010000000087,-0.5005238039809181,
2017-11-17,neutral,0,1,0,0.9990514706919306,0.4116622317633315,2718,2708,0.5037640000000055,0.850101388238967,
2017-11-20,bull,0,2,0,0.9989717940309352,0.5191703345087497,2718,2708,0.5110210000000057,-0.29386745031319733,
2017-11-21,bull,0,2,0,0.9993989188773615,0.5438841622537897,2718,2708,0.4653160000000035,0.1706352284185208,
2017-11-22,neutral,0,2,0,0.9913605370994791,0.47108604532833637,2718,2708,0.764164000000004,0.6542779713511412,
2017-11-24,bull,0,2,0,0.9795361343995157,0.5410291529211538,2718,2708,0.9121689999999989,-0.08846494095927467,
2017-11-27,bull,0,1,0,0.9057316782974947,0.5407975544720937,2718,2708,1.274176000000004,0.23098244533416334,
2017-11-28,bull,0,2,0,0.8135978457943916,0.5413266713711816,2718,2708,1.490316000000005,-0.049930864956212725,
2017-11-29,neutral,2,1,0,0.9998211416083704,0.4210876619768603,2718,2708,2.953104,1.0144871844137826,
2017-11-30,neutral,2,1,0,0.9680420513170366,0.32149974211014537,2718,2708,3.7050839999999865,-0.06086658804733329,
2017-12-01,neutral,2,1,2,0.7854679824648829,0.3978959964788647,2718,2708,4.703488999999969,0.875490084123182,
2017-12-04,neutral,2,1,2,0.5480543145703684,0.32778410889006127,2718,2708,5.494224999999955,-0.20753933813818776,
2017-12-05,neutral,2,1,2,0.7420588162560755,0.32260191619886724,2718,2708,4.905160999999957,-0.12100128563865734,
2017-12-06,neutral,1,2,0,0.9724798072465343,0.3390239417587681,2718,2708,3.650875999999967,-0.3596577572499389,
2017-12-07,neutral,1,2,0,0.9984714318880168,0.3208968801014036,2718,2708,3.1182009999999747,0.018997682282765823,
2017-12-08,neutral,1,2,1,0.9799099180012019,0.3293538066521656,2718,2708,2.34455599999997,0.31530162589271543,
2017-12-11,neutral,1,2,1,0.6113295129360375,0.35041367007916896,2718,2708,1.9835409999999782,0.5453099556935652,
2017-12-12,neutral,2,1,0,0.09809921907024027,0.32844994715425607,2718,2708,1.2819089999999993,0.30130691876012633,
2017-12-13,bull,0,1,0,0.7068105466189091,0.5425052461578301,2718,2708,1.6560959999999938,0.17648605009198695,
2017-12-14,bull,0,1,0,0.7166957187587195,0.5440063876149346,2718,2708,1.6447839999999925,-0.011245220781157778,
2017-12-15,neutral,0,1,0,0.6834308451666957,0.49838338144915373,2718,2708,1.6911289999999966,-0.4086223055295126,
2017-12-18,bull,1,2,1,0.5534885335787885,0.5319234552310158,2718,2708,1.8434439999999932,0.3199578408491929,
2017-12-19,neutral,0,1,2,1.0,0.36112315501785514,2718,2708,2.453255999999986,0.6341225469963596,
2017-12-20,bull,2,1,2,0.46154230338950036,0.5036915006141509,2718,2708,1.9430199999999906,-0.3840417598806759,
2017-12-21,bull,2,1,2,0.9417175100079698,0.5444454795720673,2718,2708,1.1285489999999938,-0.052401092937097424,
2017-12-22,bull,0,2,0,0.9968197099148188,0.5438709236030118,2718,2708,0.6023999999999907,0.20596936673782398,
2017-12-26,bull,0,2,0,0.9992555501142162,0.5466876509904638,2718,2708,0.4663999999999895,-0.026160400627847066,
2017-12-27,bull,0,1,0,0.9996057057213608,0.5410298215986825,2718,2708,0.4234559999999907,-0.11962169638517932,
2017-12-28,bull,0,2,0,0.9996099029806211,0.5483962953268644,2718,2708,0.42183599999998933,0.04865451551330344,
2017-12-29,bull,0,1,0,0.9993852374368016,0.5450519667518602,2718,2708,0.45812399999999076,0.205745922489904,
2018-01-02,bull,0,1,2,0.9999996490001083,0.5074696787522297,2718,2708,0.21716399999999875,-0.37704856833538314,
2018-01-03,neutral,0,1,0,0.9999675253325033,0.4541689292029291,2718,2708,0.3089199999999946,0.7157310949561448,
2018-01-04,neutral,0,1,0,0.9544331281733262,0.47780778490830317,2718,2708,1.0677810000000127,0.6325110689437234,
2018-01-05,neutral,0,1,0,0.12347191174346432,0.5217922620555696,2718,2708,2.3029890000000273,0.4214885199837269,
2018-01-08,neutral,2,1,0,0.8563188355273719,0.36366766604134726,2718,2708,4.4557800000000345,0.6663966716983919,
2018-01-09,neutral,2,1,0,0.29781016670438437,0.3193586605955568,2718,2708,6.450344000000039,0.1828688464633165,
2018-01-10,neutral,2,1,0,0.04913847225740504,0.3213061300117836,2718,2708,8.108721000000044,0.22634345794392685,
2018-01-11,neutral,1,1,0,0.963630563873276,0.14065784409623364,2718,2708,8.263260000000034,-0.15298317185110216,
2018-01-12,neutral,1,1,0,0.9871477974721741,0.17664858562939914,2718,2708,8.949660000000016,0.7296074711805048,
2018-01-16,neutral,1,1,0,0.9983597258667717,0.16670835202898893,2718,2708,10.200885000000017,0.6518904823989611,
2018-01-17,neutral,1,1,0,0.8970529140945281,0.15367154388735133,2718,2708,7.439844000000027,-0.3418249856073649,
2018-01-18,neutral,1,1,0,0.8510246315604353,0.21669599016995617,2718,2708,7.1406599999999925,0.9531718236632076,
2018-01-19,neutral,1,1,0,0.6605941675443665,0.14238863682851582,2718,2708,6.276260999999984,-0.16809126998320062,
2018-01-22,neutral,2,1,2,0.4465576987627467,0.3382948899123492,2718,2708,5.982340999999996,0.45496883284374817,
2018-01-23,neutral,1,1,2,0.9324564302488108,0.19064382410259578,2718,2708,7.789063999999984,0.813095110730706,
2018-01-24,neutral,1,1,0,0.9900183654733383,0.13792625395264857,2718,2708,8.899408999999995,0.21224663058474752,
2018-01-25,neutral,1,1,0,0.9796388151326436,0.1381511392878338,2718,2708,8.807825000000001,-0.03882946803629272,
2018-01-26,neutral,1,1,2,0.8063203389841043,0.13670819936997544,2718,2708,6.799240999999995,0.042375874002402905,
2018-01-29,neutral,1,1,2,0.9454859559668743,0.26459195499913385,2718,2708,7.97912899999996,1.157783268619828,
2018-01-30,neutral,1,1,2,0.907688191476085,0.1968033905850984,2718,2708,7.509984999999965,-0.6629911368553205,
2018-01-31,neutral,2,1,2,0.7630153085949791,0.41511120541314545,2718,2708,4.770583999999988,-1.0257130813545088,
2018-02-01,neutral,2,1,2,0.9403590241118581,0.3189092763291041,2718,2708,3.935420999999998,0.049687677455986075,
2018-02-02,neutral,2,1,2,0.9999999909295743,0.32141534177281855,2718,2708,2.737380999999992,-0.11351543100389969,
2018-02-05,neutral,2,1,0,0.09166339397077011,0.3200354295895579,2718,2708,7.458309000000019,-2.17700120747212,
2018-02-06,bear,1,1,2,1.0,0.986992874367702,2718,2708,38.198444999999985,-4.182247231802498,
2018-02-07,bear,1,1,2,1.0,0.5549461599216889,2718,2708,48.52674899999997,1.9702193763497855,
2018-02-08,neutral,1,1,2,1.0,0.17646435786951858,2718,2708,57.67299599999991,-0.5424887600787648,
2018-02-09,bear,1,1,2,1.0,0.9664714494562753,2718,2708,87.70432899999989,-3.750887286584234,
2018-02-12,neutral,1,1,2,1.0,0.37455984887432375,2718,2708,86.38512099999991,1.502154252222181,
2018-02-13,neutral,1,1,0,1.0,0.36235025410019656,2718,2708,73.0250489999999,1.4684512428298184,
2018-02-14,neutral,1,1,0,1.0,0.13664883189907748,2718,2708,60.1680409999999,0.24873746890782586,
2018-02-15,neutral,1,1,0,1.0,0.31914267261347606,2718,2708,42.078495999999944,1.3496240601503666,
2018-02-16,neutral,1,1,2,0.9999999994927106,0.2965412505613445,2718,2708,25.063140999999952,1.2760117215030224,
2018-02-20,neutral,1,1,0,0.9999999625985758,0.13522622508380944,2718,2708,21.56718099999998,0.029300809434875633,
2018-02-21,neutral,1,1,0,0.9999999876574674,0.18519228113167518,2718,2708,22.461339999999975,-0.6261213430486018,
2018-02-22,neutral,1,1,0,0.9999999923505176,0.1681916880842531,2718,2708,22.84847599999998,-0.4974207811348438,
2018-02-23,neutral,1,1,0,0.9999999970552129,0.1357601293454914,2718,2708,23.594584999999974,0.12960562858728603,
2018-02-26,neutral,1,1,0,0.9999266261081533,0.4031597987370719,2718,2708,15.09216099999998,1.5939349112426047,
2018-02-27,neutral,2,2,0,0.9999960898230842,0.2680675419193344,2718,2708,13.015920999999988,1.1612245640857624,
2018-02-28,neutral,1,1,0,0.9801195239027848,0.33119419034826497,2718,2708,9.884415999999984,-1.2486505937387444,
2018-03-01,neutral,1,1,0,0.470288810067311,0.2646108953186863,2718,2708,5.907380999999999,-1.013008781838731,
2018-03-02,neutral,1,1,0,0.8003705557775507,0.39901646572055677,2718,2708,7.376855999999991,-1.4540769372354092,
2018-03-05,neutral,1,1,2,0.9106870531681677,0.15441819878604113,2718,2708,8.313400999999995,0.5155024280911451,
2018-03-06,neutral,1,1,0,0.9039452105319831,0.26387194106359013,2718,2708,8.193248999999991,1.1557900995986374,
2018-03-07,neutral,1,1,2,0.9070197687779333,0.13990841761077527,2718,2708,8.22728899999999,0.2534993938057966,
2018-03-08,neutral,1,1,0,0.8620680210405502,0.13885440440442054,2718,2708,7.7792959999999995,-0.036646144825572685,
2018-03-09,neutral,1,1,0,0.8332001917636443,0.15267826310392174,2718,2708,7.552116000000005,0.48390644475403255,
2018-03-12,neutral,1,1,0,0.996201365663034,0.45889834990604494,2718,2708,10.746996000000026,1.7402407880335578,
2018-03-13,neutral,1,1,0,0.9960174743556951,0.14205309981381953,2718,2708,11.369600000000025,-0.1255065084089442,
2018-03-14,neutral,1,1,0,0.9986816900954206,0.19159155324127078,2718,2708,12.395749000000047,-0.6462731581214831,
2018-03-15,neutral,1,1,0,0.9985006799100798,0.17334993669792673,2718,2708,12.281504000000044,-0.5131540907776871,
2018-03-16,neutral,2,2,0,0.870569087450359,0.14002602459802838,2718,2708,8.151164000000032,-0.10897203051217266,
2018-03-19,neutral,2,1,0,0.7995798319081499,0.3270822782664956,2718,2708,4.915324000000014,-0.29090909090909506,
2018-03-20,neutral,1,2,0,0.47407355597652784,0.44746231516839235,2718,2708,6.149864000000005,-1.3530269876002845,
2018-03-21,neutral,2,1,0,0.220781082552603,0.3165537748591613,2718,2708,7.259421000000012,0.17006173980553052,
2018-03-22,neutral,1,1,0,0.9545836545253326,0.14760425493187268,2718,2708,8.655555999999999,-0.1919173279202738,
2018-03-23,bear,2,2,0,0.9999994621681065,0.7473543836121438,2718,2708,19.19298499999997,-2.4997226639056285,
2018-03-26,bear,2,2,1,0.9999999999999994,0.634717126005778,2718,2708,35.49088099999995,-2.1314521940304183,
2018-03-27,bear,2,2,1,0.9999999999999671,0.8011652804911693,2718,2708,32.39987599999998,2.7359038945940717,
2018-03-28,neutral,1,1,0,0.9999999999999959,0.4888540910801203,2718,2708,34.09569999999992,-1.7011806419976578,
2018-03-29,neutral,1,1,2,0.9999999999999998,0.1547297807496092,2718,2708,34.22410099999995,-0.29547198772065947,
2018-04-02,neutral,1,1,0,0.9999990251267897,0.29810996590837746,2718,2708,27.506335999999965,1.2777585344263531,
2018-04-03,bear,2,2,0,0.9999999969457959,0.6436336538042134,2718,2708,24.08170499999996,-2.1584647539425994,
2018-04-04,neutral,1,1,0,0.9999997490614649,0.30229163328335107,2718,2708,19.919600999999965,1.281702722647281,
2018-04-05,neutral,2,2,0,0.9993155108273621,0.2456796348559487,2718,2708,13.08902399999999,1.0699083483529626,
2018-04-06,neutral,2,2,0,0.7907047810445175,0.19041434985365593,2718,2708,7.330964999999972,0.7891941113977782,
2018-04-09,bear,1,1,0,0.7768983730350928,0.6649925288304435,2718,2708,7.246039999999956,-2.228580033127526,
2018-04-10,neutral,1,1,0,0.5118242230430546,0.15599162575705022,2718,2708,6.058664999999962,0.49283844139841854,
2018-04-11,neutral,1,2,0,0.5035070834998547,0.4693029650416481,2718,2708,6.086208999999938,1.5900383141762366,
2018-04-12,neutral,2,1,0,0.4544817968063262,0.3523931515375817,2718,2708,6.296664999999942,-0.5242315670375208,
2018-04-13,neutral,2,1,0,0.32677992212281926,0.38531079689563,2718,2708,6.9920649999999425,0.8227176220806854,
2018-04-16,neutral,2,1,0,0.2457437104016546,0.3282683826150334,2718,2708,7.566064999999935,-0.29331026961983586,
2018-04-17,neutral,2,1,0,0.6131179231408377,0.38646431169185985,2718,2708,5.775488999999963,0.8221761267207268,
2018-04-18,neutral,2,1,0,0.1921303237747663,0.43128892504035415,2718,2708,8.05136099999996,1.0698387760445942,
2018-04-19,neutral,1,1,0,0.9634196149757306,0.13478318706312198,2718,2708,10.633783999999952,0.07402198452940102,
2018-04-20,neutral,1,1,0,0.9811343133180325,0.17538536667461693,2718,2708,11.723508999999947,-0.5547542438699656,
2018-04-23,neutral,1,1,0,0.7833221394047586,0.22683072386551892,2718,2708,7.685279999999994,-0.8479303804529633,
2018-04-24,neutral,2,1,0,0.9037294230997436,0.3168980452773692,2718,2708,4.417361000000003,-0.01500318817749539,
2018-04-25,neutral,2,1,0,0.6379296764023641,0.447217378970342,2718,2708,5.642759999999979,-1.3467381925948063,
2018-04-26,neutral,2,1,0,0.6176851578600583,0.3212945130188542,2718,2708,5.7228009999999765,0.24716708494941717,
2018-04-27,neutral,2,1,0,0.6314804402195678,0.41789226954436803,2718,2708,5.672184999999976,1.0165762621856416,
2018-04-30,neutral,2,1,0,0.7049753550991144,0.3163960545870077,2718,2708,5.384403999999971,0.09387555855957343,
2018-05-01,neutral,2,1,0,0.536059429708644,0.3849674610196102,2718,2708,5.883543999999974,-0.7690576230492239,
2018-05-02,neutral,2,1,0,0.8518173624288753,0.31819276042552136,2718,2708,4.652420999999972,0.17768704396810225,
2018-05-03,neutral,2,1,0,0.9998959603047446,0.3715665802130467,2718,2708,3.197883999999991,-0.6717488112310475,
2018-05-04,neutral,0,2,0,0.4989431523977369,0.40865459361928436,2718,2708,2.3896810000000013,-0.22036474164133135,
2018-05-07,neutral,2,1,0,0.6894567634039477,0.4612699559559429,2718,2708,2.207075999999992,1.2946462569491954,
2018-05-08,neutral,2,1,0,0.9191270812187796,0.3246229187105458,2718,2708,2.3463410000000016,0.3383204270355741,
2018-05-09,neutral,0,1,2,0.8248071671594286,0.3181085113204651,2718,2708,2.330581000000014,0.0,
2018-05-10,neutral,2,1,0,0.9901296309801774,0.41036157854086786,2718,2708,3.6272640000000087,0.966581747340021,
2018-05-11,neutral,2,1,0,0.3153122127971611,0.40496115107950276,2718,2708,7.1965849999999865,0.9350649350649283,
2018-05-14,neutral,1,1,0,0.9697177587951401,0.137625889869753,2718,2708,11.052984000000013,0.30512462318948647,
2018-05-15,neutral,1,1,0,0.9922280091981163,0.13368751221876657,2718,2708,13.369529000000023,0.04764522631482332,
2018-05-16,neutral,2,2,0,0.9986732876985688,0.19679851417426042,2718,2708,13.28752100000004,-0.6886951425012804,
2018-05-17,neutral,1,1,0,0.9736457159741234,0.144895462212807,2718,2708,11.217361000000025,0.42050903725562017,
2018-05-18,neutral,1,1,0,0.5733679840558548,0.13810036286128707,2718,2708,6.575884000000014,-0.08448427857773222,
2018-05-21,neutral,2,1,0,0.8706324721910205,0.32798068788385987,2718,2708,4.614900999999988,-0.2499908091614304,
2018-05-22,neutral,2,1,0,0.9985740198628658,0.3753458152560391,2718,2708,3.3706959999999966,0.7518519883536728,
2018-05-23,bull,0,1,0,0.9653279981117902,0.5226998680309605,2718,2708,1.1498890000000086,-0.27801148626403444,
2018-05-24,bull,0,1,0,1.0,0.5383623259662953,2718,2708,0.5600810000000076,0.27511830086937383,
2018-05-25,bull,0,1,0,1.0,0.5327855250115592,2718,2708,0.5575850000000059,-0.20485806262803713,
2018-05-29,bull,0,2,1,1.0,0.5265270679556143,2718,2708,0.5477850000000062,-0.23826979472142013,
2018-05-30,neutral,0,1,0,0.838081982016968,0.26258739169429596,2718,2708,1.4958090000000168,-1.1501010472166069,
2018-05-31,neutral,0,2,0,0.8687004235417336,0.22549991763987587,2718,2708,1.4295200000000228,1.3344732733625873,
2018-06-01,neutral,0,1,0,0.8074488632371773,0.45283987227532896,2718,2708,1.558220000000023,-0.6125967499358115,
2018-06-04,neutral,0,1,0,0.6917098197889675,0.36876522523350286,2718,2708,1.7825690000000296,0.9817671809256754,
2018-06-05,neutral,1,0,2,0.12899854410184455,0.509179559646232,2718,2708,2.3234240000000135,0.47514619883039266,
2018-06-06,neutral,2,1,0,1.0,0.3191141827986024,2718,2708,2.8813490000000233,0.07275372862860877,
2018-06-07,neutral,2,1,0,0.8283390973910054,0.3898571956034163,2718,2708,4.851476000000003,0.8360596146855522,
2018-06-08,neutral,2,1,0,0.4605441972895921,0.3194856243690714,2718,2708,6.436629000000006,-0.010814708002874087,
2018-06-11,neutral,2,1,0,0.17932061174875127,0.3265107876740269,2718,2708,8.200776000000008,0.29563399069834273,
2018-06-12,neutral,2,1,0,0.09036908239742496,0.31957955975568,2718,2708,9.362909000000002,0.13300262410582858,
2018-06-13,neutral,0,2,1,0.4030430214460706,0.3196068896705878,2718,2708,6.800788999999989,0.12923607122343972,
2018-06-14,neutral,0,2,1,0.5622188355334445,0.33408111905841775,2718,2708,6.031148999999986,-0.3190879105119902,
2018-06-15,neutral,2,1,0,0.9999592344956211,0.3239702203237355,2718,2708,3.140279999999991,0.251771391576465,
2018-06-18,neutral,2,1,0,0.3393723969340598,0.3610217876622937,2718,2708,1.8048810000000077,-0.5740322175582185,
2018-06-19,bull,0,1,0,0.9515483789490562,0.5334937751731512,2718,2708,1.2119289999999956,-0.20567964493197893,
2018-06-20,bull,1,2,1,0.9828940297841486,0.5076963099882577,2718,2708,1.026409000000007,-0.38328030083887843,
2018-06-21,bull,0,1,0,0.9368307338947308,0.5455348824649043,2718,2708,1.2788039999999976,0.1705989110707903,
2018-06-22,neutral,0,1,0,0.2617005310538712,0.4503021681565224,2718,2708,2.239400999999994,-0.6268797333043512,
2018-06-25,neutral,2,1,0,0.998133495032396,0.3217589398751784,2718,2708,2.6157959999999942,0.1823220536756126,
2018-06-26,neutral,2,1,0,0.7666258529942589,0.4486976582631263,2718,2708,5.1559560000000015,-1.3612870350149264,
2018-06-27,neutral,0,2,1,0.6117976408107259,0.3233975462853898,2718,2708,5.82353999999998,0.22140221402214863,
2018-06-28,neutral,0,1,2,0.220666854690436,0.39660187900609756,2718,2708,7.951875999999987,-0.8284241531664213,
2018-06-29,neutral,0,1,2,0.41382214487168434,0.35240244260116077,2718,2708,6.822915999999992,0.5717467978466544,
2018-07-02,neutral,2,1,0,0.6126088712077381,0.3213314588858642,2718,2708,5.887501000000014,0.14396987707186917,
2018-07-03,neutral,0,2,1,0.8767241322006607,0.32381401932574744,2718,2708,4.635421000000015,0.21380123857270752,
2018-07-05,neutral,0,2,1,0.9723012206492911,0.33804449099097156,2718,2708,3.911381000000027,-0.35312293092034003,
2018-07-06,neutral,2,1,0,0.9464645489514653,0.3878911614663841,2718,2708,2.4813810000000105,0.8157991878922246,
2018-07-09,neutral,2,1,0,0.9999342150587808,0.39159660653520656,2718,2708,3.1596450000000162,0.8458130423638835,
2018-07-10,neutral,2,1,0,0.6358639965447448,0.40175328765266854,2718,2708,5.7805489999999855,0.9004429598431346,
2018-07-11,neutral,2,0,1,0.1106990914799413,0.332561978679488,2718,2708,9.294468999999955,0.3598416696653473,
2018-07-12,neutral,0,0,1,0.9356182072236802,0.19885554372267958,2718,2708,10.18446099999998,-0.7314449623520846,
2018-07-13,neutral,1,1,0,0.9522428706811952,0.2034823526518807,2718,2708,10.609309000000014,0.9065953911724304,
2018-07-16,neutral,2,2,1,0.9590028836357796,0.13302484231934883,2718,2708,10.88074899999999,0.07874861295055677,
2018-07-17,neutral,2,2,1,0.9288020948879675,0.13604418039038718,2718,2708,9.894204999999953,-0.08941664580278265,
2018-07-18,neutral,2,2,1,0.871514271100743,0.14328040680119294,2718,2708,8.877363999999996,0.40452495167181657,
2018-07-19,neutral,0,2,1,0.7207404947849995,0.3226813833669809,2718,2708,5.3945159999999746,0.21036117944877347,
2018-07-20,neutral,2,1,0,1.0,0.339210788367282,2718,2708,2.6502289999999924,-0.3771436703906647,
2018-07-23,neutral,2,1,0,0.07797410965416021,0.3225947613617422,2718,2708,1.3262210000000079,-0.11428571428571184,
2018-07-24,bull,0,1,0,0.9657463609213635,0.543813396378192,2718,2708,1.1505010000000007,0.18592677345537106,
2018-07-25,bull,2,1,2,0.8738495926726315,0.5055628285187984,2718,2708,1.460796000000003,0.5032119914346984,
2018-07-26,neutral,0,1,0,0.6465534224037485,0.4139223948293237,2718,2708,1.8318810000000056,0.8522424629807099,
2018-07-27,neutral,0,1,0,0.18474605021746046,0.5288096082757089,2718,2708,2.326939999999997,-0.23590718636668284,
2018-07-30,neutral,0,1,0,0.37374471753293553,0.43477880197791685,2718,2708,2.137900999999992,-0.6776311145619959,
2018-07-31,neutral,1,2,1,0.5598765083686504,0.4779754587454969,2718,2708,1.9550839999999847,-0.5223509345462395,
2018-08-01,bull,0,1,0,0.6089012948210772,0.5084067235099777,2718,2708,1.9005599999999891,0.4929451687801377,
2018-08-02,bull,2,1,2,0.599211366257162,0.5378074908145234,2718,2708,1.9121599999999876,-0.1670635908008284,
2018-08-03,neutral,2,1,2,0.6630691011357172,0.498044052573941,2718,2708,1.8335289999999866,0.5447553941465402,
2018-08-06,bull,0,1,0,0.6844304171327397,0.5196007238639293,2718,2708,1.806089,0.42848542795426053,
2018-08-07,bull,0,1,0,0.43205115126192595,0.5287783516357386,2718,2708,2.096464999999991,0.36671368124117193,
2018-08-08,neutral,2,1,0,0.999999999955031,0.3292664040626852,2718,2708,2.955175999999986,0.33024170882518195,
2018-08-09,neutral,0,2,1,0.9952915795532701,0.3202045768149925,2718,2708,3.5208209999999793,-0.04201974928216421,
2018-08-10,neutral,0,1,2,0.9698157511801504,0.3230629467885591,2718,2708,3.957299999999981,-0.13662159321795922,
2018-08-13,neutral,0,1,2,0.9894975894107599,0.37417312305515715,2718,2708,3.669503999999987,-0.6700108745220361,
2018-08-14,neutral,2,1,0,1.0,0.3395635696387951,2718,2708,2.686308999999975,-0.3743466591326466,
2018-08-15,neutral,2,1,0,0.6752736357386137,0.3616841820242114,2718,2708,2.2070039999999667,0.6380716058135252,
2018-08-16,neutral,0,2,1,0.2848052546274312,0.3848835563782989,2718,2708,1.765035999999986,-0.7467418104966554,
2018-08-17,neutral,2,1,2,0.839393112252799,0.42762741400086274,2718,2708,1.5557849999999835,0.8091418837390977,
2018-08-20,bull,0,1,0,0.7894522674566525,0.5300312574049635,2718,2708,1.649808999999987,0.3520383017672323,
2018-08-21,bull,0,1,0,0.648761097328593,0.5432539586516484,2718,2708,1.860443999999994,0.2139900371851588,
2018-08-22,bull,2,1,2,0.41443193660517913,0.5420047602450235,2718,2708,2.1246199999999886,0.23453635313472154,
2018-08-23,neutral,0,1,2,0.22406849941692042,0.5457576270436008,2718,2708,2.340388999999999,-0.05936997974434556,
2018-08-24,neutral,1,2,1,0.11820482306330077,0.5410909463614654,2718,2708,2.4934610000000057,-0.13278820281650608,
2018-08-27,neutral,0,2,0,0.9999728532517822,0.35733306213415655,2718,2708,3.115076000000007,0.6018405122642395,
2018-08-28,neutral,0,2,0,0.9413557654791954,0.38456413884118146,2718,2708,4.217924,0.7895377552085081,
2018-08-29,neutral,2,1,2,0.7203574407509441,0.32089337541284985,2718,2708,5.425536000000008,0.048312512940866595,
2018-08-30,neutral,2,1,2,0.7473694571437159,0.3500909877058196,2718,2708,5.303315999999997,0.5380794701986763,
2018-08-31,neutral,2,1,0,0.8278490102646343,0.3438456340460826,2718,2708,4.916436000000002,-0.4048305201042976,
2018-09-04,neutral,2,1,0,0.8988179693798419,0.32188186145653436,2718,2708,4.517961,0.0034447123665142625,
2018-09-05,neutral,0,1,2,0.9772406045437969,0.3268621854193178,2718,2708,3.860529000000006,-0.17222968550859427,
2018-09-06,neutral,0,2,1,0.9997945979535139,0.3320180113187938,2718,2708,3.2200399999999925,-0.26914185155792747,
2018-09-07,neutral,0,2,1,0.9125396575783683,0.33423838596325356,2718,2708,2.4461289999999956,-0.30100681590144546,
2018-09-10,neutral,2,1,0,0.13779088254405034,0.3278172589924406,2718,2708,1.5033000000000007,-0.19433647973348217,
2018-09-11,bull,0,1,0,0.931537552573305,0.5430829704972644,2718,2708,1.3127889999999909,0.17385257301808066,
2018-09-12,bull,0,1,0,0.931561426495229,0.5300265745879856,2718,2708,1.3124239999999934,0.32974661575841324,
2018-09-13,bull,0,1,0,0.9394114814050539,0.5448766177545137,2718,2708,1.282983999999993,0.024217263449227876,
2018-09-14,neutral,0,1,0,0.9822025804571206,0.4851883766896625,2718,2708,1.0370889999999808,0.5914499169894782,
2018-09-17,bull,1,2,1,0.9596028249048002,0.5445301443742218,2718,2708,1.1913689999999764,0.01719217412234342,
2018-09-18,neutral,0,1,0,0.977386239701951,0.47255853584085694,2718,2708,1.0779759999999758,-0.5294279427942865,
2018-09-19,neutral,0,1,0,0.9283553414077943,0.49600007392525514,2718,2708,1.3228359999999835,0.542614225478693,
2018-09-20,bull,0,1,0,0.797146569896003,0.5449147606221747,2718,2708,1.6353489999999884,0.10656216699322892,
2018-09-21,neutral,1,2,1,1.0,0.38833726822395465,2718,2708,2.803900999999976,0.810383902204504,
2018-09-24,neutral,1,2,0,0.8523415238370986,0.35845467937351116,2718,2708,2.3758759999999874,-0.5415900265685588,
2018-09-25,neutral,2,1,0,0.26978788864239195,0.33711253707083877,2718,2708,1.7404839999999968,-0.33220315764239433,
2018-09-26,bull,0,1,2,0.8976297866736102,0.541726790347725,2718,2708,1.4076240000000015,-0.09277712871966938,
2018-09-27,bull,2,1,0,0.9601367718122162,0.5166442724871992,2718,2708,1.1793200000000044,-0.2992261392949285,
2018-09-28,bull,0,1,2,0.9599563563146328,0.5363578119921841,2718,2708,1.1869640000000037,0.2794259693666353,
2018-10-01,bull,1,2,0,0.9589927647671158,0.546569305652309,2718,2708,1.193940000000002,0.010320272455202985,
2018-10-02,bull,0,1,2,0.9921820594892999,0.5292264671511226,2718,2708,0.9097689999999933,0.347413318657124,
2018-10-03,bull,1,2,1,0.99259640857884,0.5435778642872316,2718,2708,0.9037239999999944,-0.05827306070682339,
2018-10-04,bull,0,1,2,0.991831747315837,0.5464272428018485,2718,2708,0.9168239999999969,0.054877212237626906,
2018-10-05,neutral,2,1,0,0.9994118970891227,0.3996542075209478,2718,2708,0.6245400000000094,-0.781571369806674,
2018-10-08,neutral,2,1,0,0.9278157045640896,0.4663567819798856,2718,2708,1.3221810000000154,-0.559701492537315,
2018-10-09,bull,0,2,1,0.572744150251244,0.5462537182972174,2718,2708,1.9321010000000247,0.0,
2018-10-10,neutral,0,2,1,0.0646162224497432,0.5384094046842954,2718,2708,2.582336000000039,-0.14592453616844414,
2018-10-11,bear,2,2,1,0.9961533015697174,0.91776722898715,2718,2708,14.646380000000018,-3.166318719554616,
2018-10-12,bear,1,1,2,0.9999998527194526,0.6827863486706338,2718,2708,38.218636000000004,-2.2026590010779716,
2018-10-15,neutral,1,1,2,0.9999999884515822,0.3300160054959851,2718,2708,46.473589000000004,1.388837858691249,
2018-10-16,neutral,1,1,2,0.9999999972699012,0.17438550507125392,2718,2708,51.53221600000003,-0.5616959594129413,
2018-10-17,bear,1,1,2,0.999999982209141,0.6282807116932462,2718,2708,45.10405600000002,2.186588921282799,
2018-10-18,neutral,1,1,2,0.9999996344836933,0.13317305470345236,2718,2708,35.848004999999965,0.017831669044226596,
2018-10-19,neutral,1,1,2,0.9999971870103963,0.40704509977190245,2718,2708,30.222548999999965,-1.4441076840791627,
2018-10-22,neutral,1,1,2,0.9999686704193327,0.13450170301542322,2718,2708,24.43176399999995,-0.054269175108530125,
2018-10-23,neutral,1,1,2,0.9986281206648465,0.16050512113371088,2718,2708,16.48572099999995,-0.4488687782805463,
2018-10-24,neutral,2,2,0,0.5945054429675238,0.1677770319845132,2718,2708,6.7734239999999675,-0.5090723973673602,
2018-10-25,bear,1,1,2,0.9987883657009066,0.8995267862333136,2718,2708,16.729083999999958,-3.029860019736128,
2018-10-26,neutral,1,1,2,0.9993006322403899,0.4766194038204099,2718,2708,18.303480999999977,1.7940600030152236,
2018-10-29,bear,1,1,2,0.9999847923490461,0.5269812488561642,2718,2708,25.98386499999998,-1.758738151658768,
2018-10-30,neutral,1,1,2,0.9999993860093298,0.17370130546571433,2718,2708,34.559208999999946,-0.5540270606414542,
2018-10-31,neutral,1,1,2,0.999995835375597,0.3610193482051457,2718,2708,29.39227599999998,1.4818464337148367,
2018-11-01,neutral,1,1,2,0.9997942155079024,0.23856824409314367,2718,2708,20.31270399999999,1.0680808156253554,
2018-11-02,neutral,1,1,2,0.9992514798125689,0.23821942619698416,2718,2708,17.611421000000007,1.0641835716661108,
2018-11-05,neutral,1,1,2,0.9947015400200997,0.17989408547268004,2718,2708,13.991748999999995,-0.5923000987166848,
2018-11-06,neutral,1,1,2,0.9879128980219339,0.15530107159440837,2718,2708,12.507828999999992,0.55169369965795,
2018-11-07,neutral,2,2,0,0.9944987048463173,0.163296157594718,2718,2708,13.942479999999989,0.6327956399283142,
2018-11-08,bear,1,1,2,0.9999270755234858,0.6154210911993,2718,2708,22.38526899999999,2.1408839779005473,
2018-11-09,neutral,1,1,2,0.999996192246569,0.1408118257555968,2718,2708,29.700109000000005,-0.18148820326678441,
2018-11-12,neutral,1,1,2,0.9999999999999426,0.2708936516475804,2718,2708,26.27564399999998,-0.9768270944741565,
2018-11-13,bear,1,1,2,0.9999956911729304,0.590592569732872,2718,2708,16.233885000000026,-1.8685195852534555,
2018-11-14,neutral,1,1,2,0.9996129718296688,0.1494478569948683,2718,2708,12.188844000000005,-0.1871078988883556,
2018-11-15,neutral,2,2,1,0.9880260441675389,0.19678903813395635,2718,2708,12.567889000000012,-0.6836727192531109,
2018-11-16,neutral,2,2,0,0.988498544987094,0.23500402323294448,2718,2708,12.716016000000012,1.043671354552181,
2018-11-19,neutral,1,1,2,0.9822621066324623,0.13829767684400904,2718,2708,11.967504000000003,0.2600542084829084,
2018-11-20,bear,1,1,2,0.9999949127765377,0.5229482509558452,2718,2708,14.950340999999975,-1.6914477770065377,
2018-11-21,bear,2,2,0,0.9999668307266029,0.5656946318088747,2718,2708,24.491740999999962,-1.8506131549609877,
2018-11-23,neutral,1,1,2,0.9999420494237344,0.14191583052386703,2718,2708,23.188556,0.3407542026351572,
2018-11-26,neutral,2,2,0,0.9997516037947243,0.19502641315707459,2718,2708,19.981780999999998,-0.6678741227077133,
2018-11-27,neutral,1,1,2,0.9937112862128812,0.4146336978094453,2718,2708,13.702661000000006,1.6144349477682813,
2018-11-28,neutral,2,2,0,0.986381571993079,0.14243735131419494,2718,2708,12.337820000000011,0.3364485981308326,
2018-11-29,bear,2,2,1,0.9963799830314762,0.6753525071585564,2718,2708,14.633035999999995,2.3025335320417315,
2018-11-30,neutral,2,2,1,0.9989467315866989,0.14539966869629292,2718,2708,16.907840000000014,-0.21851555102336875,
2018-12-03,neutral,2,2,1,0.9997156960792177,0.16403185610590512,2718,2708,19.502861000000003,0.6095335425943349,
2018-12-04,neutral,1,1,2,0.9999889030807878,0.3155931971184719,2718,2708,26.970560000000013,1.3241429348812024,
2018-12-06,bear,1,1,2,0.9999877968449352,0.9306195504031912,2718,2708,26.86188500000002,-3.2402434658073798,
2018-12-07,neutral,1,1,2,0.9999298294214055,0.1420344595237187,2718,2708,22.84530100000003,-0.15171137835338577,
2018-12-10,bear,1,1,2,0.9999731200515871,0.7316600886618618,2718,2708,24.70405600000002,-2.32359916987844,
2018-12-11,neutral,1,1,2,0.9999484603121441,0.13795608908600066,2718,2708,23.55392400000003,0.18970292521910687,
2018-12-12,neutral,1,1,2,0.9999881828388397,0.13735448884559714,2718,2708,26.74228100000003,0.022721248153899448,
2018-12-13,neutral,1,1,2,0.9999947400831479,0.1540334814424126,2718,2708,28.682681000000038,0.5035399235225019,
2018-12-14,neutral,1,1,2,0.9999928814463012,0.13876130394503694,2718,2708,28.03337600000004,-0.03390341294356023,
2018-12-17,bear,2,2,1,0.9999980618019494,0.5701951514808336,2718,2708,31.441948999999966,-1.8464785017145786,
2018-12-18,bear,1,1,2,0.9999996679676767,0.6126713599629829,2718,2708,36.68285599999996,-1.9618382155334637,
2018-12-19,neutral,2,2,0,0.9999601956042051,0.14111689696045207,2718,2708,23.996419999999897,-0.109649122807018,
2018-12-20,neutral,2,2,1,0.9999968307662696,0.4395183070583951,2718,2708,30.28400899999992,-1.497569389995304,
2018-12-21,neutral,1,1,2,0.9999998140468099,0.4901634090296738,2718,2708,38.547223999999986,-1.6277959086205538,
2018-12-24,bear,0,0,2,0.9999999997351207,0.8149363491338188,2718,2708,65.60472100000005,-2.617631589594206,
2018-12-26,bear,1,1,2,0.9999999999992852,0.822476957888982,2718,2708,102.56208400000006,-2.6422933111757314,
2018-12-27,bear,1,1,2,0.9999999999969018,0.9998424376201298,2718,2708,94.95666900000005,5.052487838183837,
2018-12-28,neutral,1,1,2,0.9999999999125608,0.1822715201413192,2718,2708,75.84332000000009,0.7677309285888319,
2018-12-31,neutral,2,2,1,0.9999999792221819,0.13972801491161368,2718,2708,51.03083600000011,-0.1289958479461415,
2019-01-02,neutral,1,1,2,0.9999986023906623,0.20011143728752978,2718,2708,36.082541000000035,0.8758829465186629,
2019-01-03,neutral,1,1,0,0.9999912502056443,0.13512777864859016,2718,2708,30.440485000000013,0.10403329065301671,
2019-01-04,bear,2,2,1,0.9998915158600544,0.7544373578647622,2718,2708,23.64999599999998,-2.386281877048525,
2019-01-07,bear,2,2,1,0.9999310521401112,0.9536470573615922,2718,2708,24.958648999999973,3.349576184431423,
2019-01-08,neutral,2,2,1,0.9999924468492423,0.18540642318066128,2718,2708,31.193135999999974,0.7884623004081023,
2019-01-09,neutral,2,2,1,0.9999975927915281,0.2125973178217426,2718,2708,34.79120899999994,0.939539271955337,
2019-01-10,neutral,2,2,1,0.99897120119125,0.14920539893614793,2718,2708,18.507776,0.4673443159247753,
2019-01-11,neutral,2,2,1,0.9996948777325428,0.14218092184711423,2718,2708,21.334796000000004,0.3527541962243548,
2019-01-14,neutral,2,2,1,0.9998640981581192,0.1360408765649543,2718,2708,23.35860100000002,0.03862793572312374,
2019-01-15,neutral,2,2,1,0.9996999954062634,0.1862745077508859,2718,2708,21.331136000000004,-0.6100857209051049,
2019-01-16,neutral,1,1,2,0.9998036389171489,0.26161206386212765,2718,2708,22.38560900000002,1.146076146076164,
2019-01-17,neutral,2,2,0,0.9997848269815842,0.13841023905419045,2718,2708,22.145849000000037,0.24198194737852716,
2019-01-18,neutral,1,1,2,0.8233845040493499,0.18230950373412408,2718,2708,8.70772400000003,0.7586788259636605,
2019-01-22,neutral,1,1,2,0.9349501019565931,0.31685442113222806,2718,2708,10.43974099999998,1.3310009126863402,
2019-01-23,neutral,1,1,0,0.7664954013233803,0.382834155953287,2718,2708,8.206108999999984,-1.3510470614726287,
2019-01-24,neutral,2,2,1,0.6452863257290714,0.13808869812057645,2718,2708,7.405324999999979,0.2092368561211334,
2019-01-25,neutral,1,2,1,0.4767499405092677,0.32177531125008346,2718,2708,6.798220999999995,0.05314908317830999,
2019-01-28,neutral,1,2,1,0.36979768129996904,0.3973299316323383,2718,2708,7.352980999999969,0.8461392525137399,
2019-01-29,neutral,2,1,2,0.5936446152685367,0.38116823795564203,2718,2708,6.261228999999977,-0.760027090074491,
2019-01-30,neutral,1,2,1,0.9993699881555611,0.32360754738657027,2718,2708,3.080135999999952,-0.13269639065816116,
2019-01-31,neutral,0,2,0,0.9967369213731713,0.4703441571376592,2718,2708,3.4438049999999527,1.5830834060969432,
2019-02-01,neutral,1,2,1,0.8288947231040193,0.4025717025261641,2718,2708,5.112979999999974,0.878242021077817,
2019-02-04,neutral,1,2,1,0.48003757178351686,0.3214151585125009,2718,2708,6.795679999999966,0.04816063423850459,
2019-02-05,neutral,2,2,1,0.928403995113911,0.17489204248058388,2718,2708,10.376179999999943,0.7035473598459517,
2019-02-06,neutral,1,1,2,0.9826919192526259,0.147234029957027,2718,2708,12.911603999999977,0.41917929107223245,
2019-02-07,neutral,2,2,0,0.9877762504260617,0.14160894103091995,2718,2708,13.573101000000005,-0.1318198462101844,
2019-02-08,neutral,2,2,1,0.9598023512647308,0.2588302058153559,2718,2708,11.370064000000013,-0.953288846520504,
2019-02-11,neutral,2,2,1,0.9336479745848745,0.13679616239177878,2718,2708,10.473805000000002,0.12215888058045492,
2019-02-12,neutral,1,1,2,0.5816437453474628,0.13702717707043705,2718,2708,7.087708999999988,0.05545901578732475,
2019-02-13,neutral,1,2,1,0.9991540171808252,0.4648977522045723,2718,2708,3.281000000000031,1.285935998817537,
2019-02-14,neutral,2,1,2,0.9999784919962973,0.3309837445251253,2718,2708,3.0505490000000157,0.3246990149580395,
2019-02-15,neutral,2,1,2,0.9998100822543404,0.3265756684868836,2718,2708,3.1586840000000107,-0.22182624822721322,
2019-02-19,neutral,1,2,1,0.8877731258935722,0.4389835459884175,2718,2708,4.757381000000008,1.0897295721262517,
2019-02-20,neutral,2,1,2,0.5055279746871704,0.3227757740288265,2718,2708,6.669864000000013,0.17305404333562324,
2019-02-21,neutral,1,2,1,0.183875671866806,0.3239089312855808,2718,2708,8.702001000000028,0.20154759762461838,
2019-02-22,neutral,1,2,1,0.1276778105628085,0.33533327361444437,2718,2708,9.393705000000029,-0.3555906756222869,
2019-02-25,neutral,1,2,1,0.1888322453147822,0.3634466265624153,2718,2708,8.700704999999985,0.6199985581428774,
2019-02-26,neutral,0,2,0,0.44417730323800103,0.32240295965671956,2718,2708,7.012879999999986,0.13613240667765117,
2019-02-27,neutral,1,2,1,0.9851062798940985,0.32094743633854117,2718,2708,3.8025799999999768,-0.07155123068116365,
2019-02-28,neutral,1,2,1,0.9996164428050593,0.32058980603268217,2718,2708,2.930479999999984,-0.04296147787484052,
2019-03-01,neutral,1,2,1,0.581131592890939,0.3248380724038168,2718,2708,2.1116689999999894,-0.18624641833810238,
2019-03-04,neutral,0,2,1,0.9942311401615747,0.4716279314255201,2718,2708,0.8662209999999885,0.6243720396153327,
2019-03-05,bull,0,1,2,0.9989862064135704,0.5085018670027891,2718,2708,0.6837239999999859,-0.3637401041295338,
2019-03-06,bull,0,2,1,0.9998267369543953,0.5372793857798247,2718,2708,0.5528009999999913,-0.13600572655690604,
2019-03-07,neutral,0,2,1,0.9967401987613956,0.4535125833832841,2718,2708,0.7966649999999985,-0.6056913482904444,
2019-03-08,neutral,0,1,2,0.47013364562608106,0.3795817341033282,2718,2708,2.054444000000006,-0.836548516208125,
2019-03-11,neutral,1,2,1,0.9923619853615219,0.3243668734077408,2718,2708,3.6175640000000158,-0.19999272753718458,
2019-03-12,neutral,1,2,1,0.9966975276227256,0.48079866608048655,2718,2708,3.445196000000018,1.450120236099985,
2019-03-13,neutral,2,1,2,0.9958305972036734,0.33591114379209147,2718,2708,3.4883250000000223,0.37710099123689533,
2019-03-14,neutral,1,2,1,0.9457618893797622,0.37073389375716626,2718,2708,4.352029000000012,0.6619199255787205,
2019-03-15,neutral,1,2,1,0.8545978247556208,0.3206901495338217,2718,2708,5.064781000000029,-0.06397952655148574,
2019-03-18,neutral,2,1,2,0.7870323409165904,0.3204219146754459,2718,2708,5.458784000000026,0.05335040546307342,
2019-03-19,neutral,1,2,1,0.5469431493821487,0.3353006143746519,2718,2708,6.643969000000022,0.3625893142796139,
2019-03-20,neutral,2,1,2,0.34813451521505806,0.3204871347620454,2718,2708,7.69312100000001,0.024793681153257956,
2019-03-21,neutral,2,1,2,0.3658897189242858,0.3320114912120727,2718,2708,7.610409000000014,-0.30099150141641856,
2019-03-22,neutral,2,1,2,0.4995545458988271,0.4493682724336128,2718,2708,6.9008490000000275,1.1294619072988836,
2019-03-25,neutral,2,1,2,0.9999879635265037,0.3608926335471188,2718,2708,2.967780000000002,-1.9246303515611345,
2019-03-26,neutral,1,2,1,0.9555001825684426,0.32116355399723845,2718,2708,2.6689799999999915,-0.07520143240822902,
2019-03-27,neutral,1,2,1,0.7527780057646741,0.38491593688930903,2718,2708,2.3310809999999944,0.7454128440366915,
2019-03-28,neutral,1,2,1,0.9337154577734768,0.35163254910109676,2718,2708,2.6161840000000023,-0.5229083665338742,
2019-03-29,neutral,1,2,1,0.9458834763699809,0.33715996304155366,2718,2708,2.642869000000005,0.37904523511532356,
2019-04-01,neutral,1,2,1,0.9868213463404437,0.36750636903190337,2718,2708,2.7897040000000097,0.6305439777706667,
2019-04-02,neutral,2,1,2,0.9201532215549921,0.4585691511571127,2718,2708,4.595003999999999,1.1859246672330663,
2019-04-03,neutral,1,2,1,0.6272994782023714,0.32110012176490177,2718,2708,6.258981000000023,0.04898016303398636,
2019-04-04,neutral,1,2,1,0.3147318179784411,0.3245055751146326,2718,2708,7.923060000000035,0.15735916354862,
2019-04-05,neutral,1,2,1,0.13783890331958457,0.3298254553071343,2718,2708,9.54618500000003,0.26534459884085987,
2019-04-08,neutral,2,2,1,0.9330949351755186,0.14998254264004934,2718,2708,10.811841000000019,0.4840169928267937,
2019-04-09,neutral,2,2,1,0.9095799130970604,0.13526682076984178,2718,2708,10.28631600000005,0.07623800117823311,
2019-04-10,neutral,2,2,1,0.8502046131670719,0.17275332623994025,2718,2708,9.337389000000053,-0.512483119221586,
2019-04-11,neutral,1,2,1,0.6160795256146927,0.3351296985897114,2718,2708,6.308205000000028,0.3410949845115096,
2019-04-12,neutral,1,2,1,0.999510335264985,0.3218136498703187,2718,2708,3.203204999999987,-0.027749835235367483,
2019-04-15,neutral,1,2,1,0.2621454691456227,0.3749604550183872,2718,2708,1.7148210000000081,0.6765899864682161,
2019-04-16,bull,0,2,1,0.7310527760719129,0.5403039287567227,2718,2708,1.7313810000000047,-0.06548111386820984,
2019-04-17,bull,0,2,1,0.8453371386333215,0.5429227326756382,2718,2708,1.537384000000017,0.06552401972617779,
2019-04-18,bull,0,2,1,0.9769816961638498,0.5257191603141366,2718,2708,1.0995490000000159,-0.24469258340227332,
2019-04-22,bull,0,1,2,0.9943352538081964,0.5374550245314006,2718,2708,0.9001810000000102,0.19692520297114985,
2019-04-23,bull,0,2,1,0.9891981153963787,0.542247794057227,2718,2708,0.9824610000000034,0.08620095165850632,
2019-04-24,neutral,0,2,1,0.45551177560384887,0.384783397520271,2718,2708,2.1010760000000004,0.8991628483825451,
2019-04-25,bull,0,2,1,0.582501374212349,0.527310119108021,2718,2708,1.955444000000006,-0.22193389784211187,
2019-04-26,bull,0,2,1,0.6872852041627496,0.5401388329680316,2718,2708,1.8185800000000156,-0.061595318755776896,
2019-04-29,bull,0,1,2,0.680001253490116,0.5046453656102682,2718,2708,1.828980000000012,0.4656736860126737,
2019-04-30,neutral,0,2,1,0.21487053092203628,0.5400998815322853,2718,2708,2.3999490000000145,0.15677720595752684,
2019-05-01,neutral,2,1,2,0.9593039997911386,0.3222112760896281,2718,2708,2.692764000000012,0.05104297818762625,
2019-05-02,neutral,1,2,1,0.7802664977498774,0.38007841733909214,2718,2708,2.384709000000021,-0.7516495476498128,
2019-05-03,bull,1,2,0,0.7449274644195877,0.5262508621110865,2718,2708,1.7714240000000134,-0.21589390356738816,
2019-05-06,neutral,0,1,2,0.8864325584712958,0.35491131425888334,2718,2708,1.4911249999999954,0.978776014836172,
2019-05-07,neutral,0,1,2,0.9944568299594639,0.4971783805265549,2718,2708,0.9007999999999863,-0.41152263374484904,
2019-05-08,neutral,1,2,1,0.9999305884560845,0.40712599152434276,2718,2708,3.0565249999999815,-1.6699678983675932,
2019-05-09,neutral,1,2,1,0.8482499862364872,0.3244328028247707,2718,2708,5.143325000000006,-0.1389226548119453,
2019-05-10,neutral,2,1,2,0.3862123729582868,0.3335208061992323,2718,2708,7.558583999999979,-0.302577122387211,
2019-05-13,neutral,1,2,1,0.3354243478604669,0.3519059832369,2718,2708,7.883024999999954,0.5023372636572935,
2019-05-14,bear,2,2,1,0.9924134375296594,0.7964616024862782,2718,2708,15.115283999999923,-2.5130163137799406,
2019-05-15,neutral,2,2,1,0.9941545769929612,0.20570114213936064,2718,2708,15.652655999999961,0.9043651641387038,
2019-05-16,neutral,2,2,1,0.9927087938233665,0.15927032144233633,2718,2708,15.19298099999996,0.585744530698668,
2019-05-17,neutral,2,2,1,0.9861243684330089,0.21045325328929992,2718,2708,13.900508999999953,0.9261208166701699,
2019-05-20,neutral,2,2,1,0.8076641429919497,0.19293953043461437,2718,2708,9.092159999999996,-0.646506777893644,
2019-05-21,neutral,1,2,1,0.8627176938680584,0.36911370566908824,2718,2708,5.1210610000000045,-0.6612090680100708,
2019-05-22,neutral,1,2,1,0.9200163574166504,0.4094872372637798,2718,2708,4.670068999999999,0.9015671773199516,
2019-05-23,neutral,2,1,2,0.9598029001630367,0.33366227947518434,2718,2708,4.246749000000009,-0.30714460228264123,
2019-05-24,neutral,1,2,1,0.8903207513314197,0.4305154245180245,2718,2708,4.920229000000005,-1.2218604488324087,
2019-05-28,neutral,1,2,1,0.9713487141979917,0.3272363181201403,2718,2708,4.082860999999991,0.22683774012900912,
2019-05-29,neutral,2,1,2,0.9247715007480115,0.4037012411489773,2718,2708,4.629064000000019,-0.9300516302425899,
2019-05-30,neutral,1,2,1,0.3424876634327513,0.36752134563715305,2718,2708,7.937401000000023,-0.6710690701409944,
2019-05-31,neutral,1,2,1,0.14100556679684575,0.3289728629506532,2718,2708,9.693940000000026,0.27311603837998744,
2019-06-03,neutral,1,1,2,0.9679357982864512,0.384352003305032,2718,2708,12.412381000000021,-1.347525355696517,
2019-06-04,neutral,1,1,2,0.9918016271957076,0.14734873309742175,2718,2708,15.091260000000014,-0.25429578232280625,
2019-06-05,bear,2,2,1,0.9859393027564982,0.6414499996232845,2718,2708,14.009856000000013,2.170666860909779,
2019-06-06,neutral,1,1,2,0.9267266501995058,0.20063920203359428,2718,2708,10.868461,0.866217516843121,
2019-06-07,neutral,1,1,2,0.8898829669327666,0.16780260795399127,2718,2708,10.017960000000013,0.6502685891998982,
2019-06-10,neutral,1,1,2,0.9917249815445998,0.22853643720800026,2718,2708,15.053549,1.0007022471909992,
2019-06-11,neutral,1,1,2,0.9995467038115052,0.14928266173713697,2718,2708,21.199600000000075,0.4588910133843387,
2019-06-12,neutral,2,2,0,0.9999224419971674,0.13691596939513462,2718,2708,26.21772500000006,-0.024223967885957026,
2019-06-13,neutral,2,2,1,0.9999635501424149,0.14332778675651425,2718,2708,27.69322100000005,-0.17653167185877153,
2019-06-14,neutral,1,1,2,0.9999765760376841,0.14636693032716683,2718,2708,29.10797600000003,0.4126356669787433,
2019-06-17,neutral,1,1,2,0.999639271800621,0.14041983413453812,2718,2708,21.842969000000018,-0.11050486912079328,
2019-06-18,neutral,2,2,1,0.8085327910479836,0.1368381697463051,2718,2708,9.023209000000033,0.03802807163106328,
2019-06-19,neutral,1,1,2,0.3415275071134381,0.24138534198494746,2718,2708,6.246815999999991,1.04710232574212,
2019-06-20,neutral,2,1,2,0.9150445426508992,0.3277848247083223,2718,2708,4.786355999999985,0.22571819425445455,
2019-06-21,neutral,2,1,2,0.730829326996588,0.41756215537515007,2718,2708,5.978624000000027,0.9554357469460216,
2019-06-24,neutral,1,2,1,0.69155941723549,0.3657144250268462,2718,2708,6.18626900000002,-0.6286757250050745,
2019-06-25,neutral,1,2,1,0.6757705102678933,0.32400236433127017,2718,2708,6.27266400000003,-0.12244897959184137,
2019-06-26,neutral,1,2,1,0.814110396200318,0.40998539626961095,2718,2708,5.6369160000000225,-0.98079280751941,
2019-06-27,neutral,2,1,2,0.9403705843127047,0.3229908985972218,2718,2708,4.677620000000008,-0.09973861604070836,
2019-06-28,neutral,1,2,1,0.9792790951968269,0.3353122400680585,2718,2708,4.141556000000001,0.3545977209350269,
2019-07-01,neutral,1,2,1,0.9994929481771629,0.35094034929966494,2718,2708,3.326983999999996,0.5145797598627788,
2019-07-02,neutral,1,2,1,0.9999907821442869,0.4098598967803539,2718,2708,3.0684650000000127,0.9078498293515443,
2019-07-03,neutral,0,2,0,0.9846101933532765,0.33018577538251337,2718,2708,4.01833600000001,0.2604342826219244,
2019-07-05,neutral,1,2,1,0.6327153428735756,0.3908418150553814,2718,2708,6.549676000000015,0.7995142192085837,
2019-07-08,neutral,1,2,1,0.3292240024807446,0.3237309914703692,2718,2708,8.11903599999999,-0.11378848728247383,
2019-07-09,neutral,1,2,1,0.24925268585950425,0.35585862405797575,2718,2708,8.681343999999985,-0.5494873684915856,
2019-07-10,neutral,1,2,1,0.19434825800270436,0.32316500757331107,2718,2708,9.16662899999998,0.12465467286571139,
2019-07-11,neutral,2,1,2,0.3212236100924848,0.3467741248972559,2718,2708,8.198723999999974,0.47780880917931823,
2019-07-12,neutral,1,2,1,0.7488978645388179,0.3270403438105373,2718,2708,5.995795999999999,0.2344194769096777,
2019-07-15,neutral,1,2,1,0.9729727281751018,0.3433880154870722,2718,2708,4.238080999999978,0.44769636831378,
2019-07-16,neutral,0,2,0,0.9360214906223124,0.32192563773334537,2718,2708,2.6795559999999776,0.033261267254289954,
2019-07-17,neutral,1,2,1,0.43663252068900926,0.33621798041601264,2718,2708,2.0433009999999885,-0.3458021612635147,
2019-07-18,neutral,0,1,2,0.8409229238391287,0.43201883633427646,2718,2708,1.6100839999999905,-0.6573020586566917,
2019-07-19,bull,0,2,1,0.8390533677286717,0.5110073971813357,2718,2708,1.6101409999999905,0.366091220527969,
2019-07-22,neutral,0,2,1,0.7022910099962879,0.4552918820896769,2718,2708,1.849435999999983,-0.5554997824850143,
2019-07-23,bull,1,2,0,0.8657108063534539,0.5217674115125368,2718,2708,1.553083999999985,0.24565063768212178,
2019-07-24,neutral,1,2,0,0.9271991668376334,0.4332165969997366,2718,2708,1.3724599999999811,0.7150050352467257,
2019-07-25,neutral,2,1,0,0.7137883653244651,0.4914281426689804,2718,2708,1.8329009999999861,0.46995300469953843,
2019-07-26,neutral,0,1,2,0.6893005500114355,0.47051611332589693,2718,2708,1.8698159999999873,-0.47770700636942603,
2019-07-29,neutral,0,2,1,0.2860940249699896,0.44544107077279693,2718,2708,2.3702959999999904,0.669999999999997,
2019-07-30,neutral,0,2,1,0.12191422308964361,0.5177886716606689,2718,2708,2.584928999999984,-0.18211317506043223,
2019-07-31,neutral,1,2,1,0.9437186452928543,0.3256920368656218,2718,2708,2.6930999999999914,-0.24547203609100787,
2019-08-01,neutral,2,1,2,0.9901808071762515,0.40620523523027885,2718,2708,2.8251289999999916,-1.094040968342651,
2019-08-02,neutral,2,1,2,0.9006477989203813,0.3859868459441811,2718,2708,4.951400000000008,-0.8707931277947859,
2019-08-05,neutral,1,2,1,0.2002567386112703,0.36954189226413153,2718,2708,8.752925000000001,-0.752950752950743,
2019-08-06,bear,1,1,2,0.9999837844882681,0.9001533007371293,2718,2708,29.256221,-3.007313239013058,
2019-08-07,neutral,2,2,1,0.9999984474380703,0.3825187425976694,2718,2708,36.37530399999999,1.402297230639144,
2019-08-08,neutral,2,2,0,0.9999991684828309,0.1600541042329488,2718,2708,38.62614099999995,0.059068797776239024,
2019-08-09,bear,2,2,1,0.9999980230262812,0.5906074005588094,2718,2708,35.73982899999996,1.962009931590088,
2019-08-12,neutral,2,2,1,0.9999810241628253,0.22598953995751273,2718,2708,29.28659999999997,-0.6811525100469995,
2019-08-13,neutral,2,2,1,0.9998240945289568,0.36802579229969806,2718,2708,23.275829000000027,-1.217337631163847,
2019-08-14,neutral,2,2,1,0.9928909216331069,0.4401918110701946,2718,2708,14.791283999999987,1.5551775610094833,
2019-08-15,bear,2,2,1,0.9881098150874715,0.8911358608607467,2718,2708,13.959189000000013,-2.9567595282857746,
2019-08-16,neutral,2,2,1,0.979765163065091,0.1660455376995979,2718,2708,12.790396000000062,0.26417752729834454,
2019-08-19,neutral,2,2,1,0.9470530070247593,0.41228230370711416,2718,2708,11.08522500000006,1.4754962234323015,
2019-08-20,neutral,2,2,1,0.9025966525522234,0.3245587457259312,2718,2708,10.003604000000038,1.2047775662108227,
2019-08-21,neutral,2,2,1,0.8945542517577035,0.24827042196580928,2718,2708,9.863685000000038,-0.7662573119419865,
2019-08-22,neutral,1,1,2,0.9236180444138357,0.23115118958688533,2718,2708,10.420101000000045,0.8135406253231803,
2019-08-23,neutral,1,1,2,0.8780534489122369,0.1677872942185341,2718,2708,9.603621000000047,-0.030774491366036924,
2019-08-26,bear,1,1,2,0.9486283247699437,0.8073651181722601,2718,2708,11.111300000000018,-2.568750855110135,
2019-08-27,neutral,1,1,2,0.9497688662977357,0.3009404538242736,2718,2708,11.124901000000015,1.1058451816745574,
2019-08-28,neutral,1,1,2,0.903516166440084,0.1949456044624893,2718,2708,9.999125000000003,-0.39236111111110955,
2019-08-29,neutral,2,2,1,0.6652583203733784,0.21901214608005762,2718,2708,7.714203999999984,0.7041517063478167,
2019-08-30,neutral,1,2,1,0.5648769762452883,0.4302924957007936,2718,2708,6.5794209999999556,1.2773027796046932,
2019-09-03,neutral,1,2,1,0.4525609079398607,0.3105136810732083,2718,2708,7.114380999999957,-0.044432292022693096,
2019-09-04,neutral,2,1,2,0.5535843974059292,0.3433292903083429,2718,2708,6.628635999999963,-0.5847153359548571,
2019-09-05,neutral,1,2,1,0.271719139254715,0.4166313773554807,2718,2708,8.160840999999982,1.135034738942014,
2019-09-06,neutral,2,2,1,0.9819445415432894,0.3634147979594163,2718,2708,13.04055999999997,1.2855393823969434,
2019-09-09,neutral,1,1,2,0.9981067404882636,0.18052163643399918,2718,2708,17.661408999999985,0.0772278557518025,
2019-09-10,neutral,2,2,1,0.9961488742116217,0.18104009795897455,2718,2708,16.135504,0.050327126321079434,
2019-09-11,neutral,2,2,1,0.9952818985066882,0.18423100995934044,2718,2708,15.719161,-0.023474178403753584,
2019-09-12,neutral,2,2,1,0.9919804105281407,0.2329294606379229,2718,2708,13.348225000000014,0.711099184919332,
2019-09-13,neutral,1,1,2,0.9815954635348203,0.19395770077462715,2718,2708,11.748625000000017,0.3463780183180751,
2019-09-16,neutral,2,2,1,0.9668039789704226,0.18602784955815266,2718,2708,11.84138399999998,-0.0663812273889095,
2019-09-17,neutral,2,2,0,0.898869103257904,0.20112553994256588,2718,2708,9.85760099999998,-0.308877744196071,
2019-09-18,neutral,1,2,1,0.9028071717467779,0.31670212343774146,2718,2708,4.449984999999993,0.25319829424306733,
2019-09-19,neutral,0,1,2,0.6686480698875092,0.23837577299935134,2718,2708,1.9394490000000153,0.059816562541541544,
2019-09-20,bull,1,2,0,0.7979380508390604,0.5093858519624211,2718,2708,1.6695210000000063,-0.006642311524423332,
2019-09-23,neutral,1,0,2,0.8411609125036876,0.3160790019085528,2718,2708,1.5833400000000202,-0.929985385943939,
2019-09-24,bull,0,2,1,0.8512535087967229,0.5061780057339927,2718,2708,1.5796490000000236,-0.023467882526482894,
2019-09-25,neutral,1,2,1,0.9997862063133245,0.3563665566393007,2718,2708,2.907625000000018,-0.784681935548766,
2019-09-26,neutral,2,1,2,0.9997710059266238,0.3466856733842347,2718,2708,3.306596000000016,0.5914759860749653,
2019-09-27,neutral,1,2,1,0.9989354142419521,0.31045709472030847,2718,2708,3.4803410000000077,-0.20831933337813474,
2019-09-30,neutral,0,2,0,0.9708729673395645,0.3339530150903639,2718,2708,4.167124000000033,-0.5387205387205464,
2019-10-01,neutral,0,2,0,0.9743320977959692,0.33399847661874316,2718,2708,4.119325000000027,0.4637779282329061,
2019-10-02,neutral,2,1,2,0.8226526334347362,0.3864684198135366,2718,2708,5.288221,-1.1894733295144297,
2019-10-03,bear,2,2,1,0.9910298521725435,0.5897482044051218,2718,2708,11.091020999999953,-1.7664711499113375,
2019-10-04,neutral,1,1,0,0.9435793977947623,0.2454285726439481,2718,2708,10.813860999999944,0.8192737624106137,
2019-10-07,neutral,1,1,2,0.8921699261858534,0.3836759442774466,2718,2708,9.694203999999958,1.3532125886646948,
2019-10-08,neutral,0,0,2,0.780350509742486,0.21520109978432433,2718,2708,8.455308999999977,-0.43145914727366685,
2019-10-09,bear,1,1,2,0.9439658517781628,0.5154527981214143,2718,2708,10.824661000000003,-1.5524771393476224,
2019-10-10,neutral,1,1,2,0.858908669318627,0.2735469582460868,2718,2708,9.153976,0.9496412851349979,
2019-10-11,neutral,1,1,2,0.6486300379852386,0.22415101014597621,2718,2708,7.276983999999997,0.676348405259734,
2019-10-14,neutral,1,1,2,0.7164180617550383,0.29456272298168346,2718,2708,7.868343999999991,1.0366934933842462,
2019-10-15,neutral,2,1,2,0.39541164520806377,0.3116589418835516,2718,2708,7.232515999999999,-0.11138112596192254,
2019-10-16,neutral,1,1,2,0.9513166439238432,0.28408172738296905,2718,2708,10.995523999999998,0.9900321000168971,
2019-10-17,neutral,1,1,2,0.9315266766927717,0.19125677767861582,2718,2708,10.38959999999999,-0.16059957173448147,
2019-10-18,neutral,1,1,2,0.9524898619814345,0.18966245524173778,2718,2708,11.039923999999996,0.2949061662198376,
2019-10-21,neutral,0,0,2,0.9688339701813822,0.21725279476181952,2718,2708,11.802296000000025,-0.43771718791765085,
2019-10-22,neutral,0,0,2,0.9840453070472519,0.2259607731032198,2718,2708,13.048169000000039,0.6779205960331516,
2019-10-23,neutral,1,1,2,0.6298371735266657,0.20680062978287408,2718,2708,7.319801000000007,-0.3266775559185367,
2019-10-24,neutral,2,1,2,0.9623169516472232,0.3171360802802631,2718,2708,4.078135999999994,0.29096016855623713,
2019-10-25,neutral,2,1,2,0.4599071951391992,0.31390696348839975,2718,2708,2.025409000000015,0.16339869281046054,
2019-10-28,neutral,2,1,2,0.5258530544042451,0.32856145232314,2718,2708,2.1030810000000173,0.40949495622066723,
2019-10-29,neutral,0,2,0,0.6820918176373713,0.34312930191233754,2718,2708,2.286096000000018,0.5636604774535771,
2019-10-30,neutral,0,2,0,0.9999981143868043,0.30930380177013955,2718,2708,3.1178890000000044,-0.02967359050446153,
2019-10-31,neutral,1,2,1,0.9855746416598309,0.32215791197419186,2718,2708,3.9008249999999847,0.3067181161571211,
2019-11-01,neutral,1,2,1,0.973541927343474,0.3169668049289583,2718,2708,4.085099999999969,-0.26632471887946413,
2019-11-04,neutral,2,1,2,0.9051088347549605,0.3931429105334903,2718,2708,4.683960999999978,0.9263838064154558,
2019-11-05,neutral,2,1,2,0.5452468515435235,0.3322193136617954,2718,2708,6.4758249999999915,0.40177696478735814,
2019-11-06,neutral,2,1,2,0.6229467525165152,0.314962751780802,2718,2708,6.129360999999969,-0.11061587012396519,
2019-11-07,neutral,2,1,2,0.7827921859060165,0.31367953757555783,2718,2708,5.395808999999986,0.022799075008973074,
2019-11-08,neutral,2,1,2,0.912801962570328,0.32793648008454007,2718,2708,4.654639999999999,0.3516769781829971,
2019-11-11,neutral,2,1,2,0.9548226053909542,0.32224381248784645,2718,2708,4.306724000000019,0.24660912453760495,
2019-11-12,neutral,2,0,2,0.9599020013270055,0.3204843650715004,2718,2708,4.0022090000000405,-0.19097559396645788,
2019-11-13,neutral,1,2,1,0.9996238252142535,0.32250631876729174,2718,2708,3.3496760000000294,0.210799416247763,
2019-11-14,neutral,0,2,0,0.9786439723791078,0.31760517142810235,2718,2708,2.7683640000000294,0.032362459546932926,
2019-11-15,neutral,1,2,0,0.9813915339442476,0.49368706338446594,2718,2708,1.1200640000000148,0.1455839534131312,
2019-11-18,neutral,1,2,0,0.7199208374154976,0.39987480879396514,2718,2708,1.8054090000000158,0.7236310773703793,
2019-11-19,neutral,1,2,0,0.11898254907095633,0.49406099599558734,2718,2708,2.5694039999999987,0.07376759998715846,
2019-11-20,neutral,2,1,2,0.9576781301464578,0.3182834561491361,2718,2708,2.695823999999982,-0.028844304852245047,
2019-11-21,neutral,0,2,0,0.49695617965272204,0.32664945718755617,2718,2708,2.0759609999999853,-0.3718783060302071,
2019-11-22,neutral,0,1,2,0.785879768978321,0.48664088291886437,2718,2708,1.7237959999999855,-0.1608906908646266,
2019-11-25,neutral,0,2,1,0.855138173939142,0.487913611342565,2718,2708,1.5933039999999816,0.22238695329873912,
2019-11-26,neutral,0,1,2,0.6098782827352982,0.37827864831005603,2718,2708,1.8292439999999945,0.7750192950861928,
2019-11-27,neutral,0,1,2,0.3836730797263495,0.48742308229319997,2718,2708,2.245803999999987,0.22656923126016512,
2019-11-29,neutral,2,1,2,1.0,0.3335498758288345,2718,2708,2.994816000000016,0.44574630667346987,
2019-12-02,neutral,2,1,2,0.9389031939724403,0.32698678022985966,2718,2708,2.680656000000026,-0.37086344617725875,
2019-12-03,neutral,0,1,0,0.9496267479122648,0.3606962718836758,2718,2708,2.703921000000031,-0.8494798129235519,
2019-12-04,neutral,2,0,2,0.9991273366185105,0.3465985346486664,2718,2708,3.481724000000021,-0.670645616737253,
2019-12-05,neutral,2,0,2,0.9984365632754744,0.3523213100393155,2718,2708,3.5303690000000243,0.6170247132934802,
2019-12-06,neutral,2,1,2,0.9998059325885318,0.31943738770396723,2718,2708,3.3162440000000215,0.17979836897193935,
2019-12-09,neutral,2,0,2,0.8504187142497124,0.3869599505944812,2718,2708,3.34016400000002,0.9134029869880209,
2019-12-10,neutral,0,2,0,0.9999999485458776,0.32257769476162385,2718,2708,3.0481640000000136,-0.3144154730523737,
2019-12-11,neutral,0,2,0,0.999999888889087,0.31679570707788945,2718,2708,3.060196000000011,-0.1115075825156183,
2019-12-12,neutral,0,1,0,1.0,0.324464141145038,2718,2708,3.138464000000018,0.28386438299366673,
2019-12-13,neutral,2,1,2,0.9753169196552431,0.3804883904694954,2718,2708,4.163609000000008,0.8619044590038736,
2019-12-16,neutral,0,1,0,0.18624377414721946,0.6884659713759894,2718,2708,5.598476000000006,0.059912338788508726,
2019-12-17,neutral,1,0,2,0.9964192813781136,0.2934161531034236,2718,2708,8.10581600000001,0.6870036556157844,
2019-12-18,neutral,0,2,0,0.36906004319215113,0.3162244045330272,2718,2708,7.486580000000027,0.021909233176836677,
2019-12-19,neutral,0,1,0,0.4499187493331174,0.3161203258002951,2718,2708,7.077641,0.0062584097380798615,
2019-12-20,neutral,2,1,2,0.5143993448439178,0.3327794117518496,2718,2708,6.781048999999977,0.4099001846115342,
2019-12-23,neutral,2,1,2,0.42107517730667715,0.31635437680051487,2718,2708,7.292041,-0.05297600498596419,
2019-12-24,neutral,2,1,2,0.5626447663143186,0.31618814954081437,2718,2708,6.596209000000021,0.15277647865806412,
2019-12-26,neutral,2,1,2,0.9537374070747158,0.3144154920674623,2718,2708,4.4463690000000025,0.0031131311873454034,
2019-12-27,neutral,0,1,0,0.9988269278014937,0.33969644275729516,2718,2708,2.900841000000017,0.5323288609407526,
2019-12-30,neutral,0,1,0,0.8643968628631289,0.31501205155652534,2718,2708,2.551884000000021,-0.02477240354244878,
2019-12-31,neutral,2,1,2,0.06272095227893015,0.33684134415833417,2718,2708,1.3682360000000147,-0.5513225546676669,
2020-01-02,neutral,0,1,2,0.9746413397849422,0.47653402032571496,2718,2708,1.1794360000000161,0.24293011087580343,
2020-01-03,neutral,0,1,2,0.6076247026388898,0.3249466399756859,2718,2708,1.981856000000014,0.9351892127011716,
2020-01-06,neutral,0,1,2,0.8998043405948125,0.3680782791531792,2718,2708,1.4917400000000023,-0.7572259673099946,
2020-01-07,neutral,0,1,2,0.8710402390783347,0.45974537419311984,2718,2708,1.5591439999999879,0.3815018144598372,
2020-01-08,neutral,0,1,2,0.9356724214927482,0.464592136997241,2718,2708,1.2975439999999918,-0.2811766159930689,
2020-01-09,neutral,0,1,2,0.9240590665048299,0.43428415415345684,2718,2708,1.419960999999991,0.5329532426486445,
2020-01-10,neutral,0,1,2,0.29879066405284294,0.4008838678534422,2718,2708,2.3543689999999784,0.6780705809831988,
2020-01-13,neutral,0,1,0,0.987232550507434,0.3235594569976008,2718,2708,2.8183439999999687,-0.2877697841726612,
2020-01-14,neutral,0,2,0,0.952768434763265,0.3601389512282735,2718,2708,4.3702849999999644,0.6877283473028182,
2020-01-15,neutral,0,1,0,0.9721043775794039,0.32172995814375793,2718,2708,4.130135999999951,-0.15246226558926665,
2020-01-16,neutral,0,1,0,0.9773526363230343,0.3262540160399443,2718,2708,4.049744999999964,0.22598870056497453,
2020-01-17,neutral,2,1,2,0.5307170644925012,0.37492047549562896,2718,2708,6.696619999999986,0.8318352174045578,
2020-01-21,neutral,2,1,2,0.09611472994941742,0.36268568682612845,2718,2708,8.018864000000002,0.3112534751601513,
2020-01-22,neutral,0,1,0,0.2811462364969908,0.32610356090082115,2718,2708,8.20730000000001,-0.19581262238288216,
2020-01-23,neutral,0,1,0,0.6483187761672552,0.3259917800345749,2718,2708,6.2691890000000265,0.012073649260478,
2020-01-24,neutral,2,1,2,0.885017571829643,0.32586147982038044,2718,2708,5.004936000000042,0.11468582121085662,
2020-01-27,neutral,2,1,2,0.964971314012629,0.36355274934678633,2718,2708,4.278200000000033,-0.8893042324852422,
2020-01-28,neutral,2,1,2,0.6168519263385711,0.34421037779579966,2718,2708,6.4062090000000165,-1.6029443075706367,
2020-01-29,neutral,1,0,1,0.46447661051750344,0.3924090325026586,2718,2708,6.795441000000018,1.0479134466769664,
2020-01-30,neutral,0,1,0,0.4607314634997197,0.32385360067186986,2718,2708,7.148440000000013,-0.08259659212578599,
2020-01-31,neutral,0,1,0,0.439010140108764,0.33336906686092765,2718,2708,7.26670900000001,0.32453615822668613,
2020-02-03,bear,1,1,0,0.9548110980315095,0.6270085410117474,2718,2708,11.465619999999976,-1.8157958984374964,
2020-02-04,neutral,1,1,2,0.9424433350534954,0.25140507304978477,2718,2708,11.032620999999985,0.7428589189693178,
2020-02-05,neutral,1,1,0,0.8798967400024076,0.48505098059202645,2718,2708,9.72222099999998,1.5241268665926193,
2020-02-06,neutral,1,1,2,0.9479387666153819,0.3534846568659947,2718,2708,11.206045000000014,1.1548045949067074,
2020-02-07,neutral,2,2,1,0.9861297625849739,0.2017847278387084,2718,2708,13.665829000000011,0.3364777984738342,
2020-02-10,neutral,2,2,0,0.9944371870046562,0.23657858452909641,2718,2708,15.581484000000003,-0.532966045871019,
2020-02-11,neutral,1,1,2,0.9973014344526443,0.25201425149726076,2718,2708,17.072896,0.7465382299819441,
2020-02-12,neutral,1,1,2,0.9991922026008964,0.19609277390972996,2718,2708,19.876008999999975,0.17329986853112947,
2020-02-13,neutral,1,1,2,0.9998041705359636,0.23570015839672886,2718,2708,23.46376899999999,0.64427608423314,
2020-02-14,neutral,2,2,1,0.9999017742216777,0.19852181045805864,2718,2708,25.34352099999998,-0.1066919566119417,
2020-02-18,neutral,1,1,2,0.9952403672704172,0.19700857163933586,2718,2708,15.931024000000026,0.16020886489053002,
2020-02-19,neutral,1,1,2,0.4597377548657617,0.20720846548388624,2718,2708,6.777425000000025,-0.2577014218009492,
2020-02-20,neutral,0,2,0,0.9797714762414339,0.34433004061145445,2718,2708,4.088081,0.47812787693402925,
2020-02-21,neutral,0,2,0,0.9994044884256224,0.33687613934183697,2718,2708,3.3416560000000017,-0.4108293432641681,
2020-02-24,neutral,2,1,2,0.9971581135191252,0.370122944075412,2718,2708,3.568356,-1.0298263837364505,
2020-02-25,bear,2,2,1,0.9991016896434385,0.9629774684062702,2718,2708,19.55474399999996,-3.316540722082284,
2020-02-26,bear,1,1,2,0.9999999971402049,0.9365471430026974,2718,2708,64.61710900000007,-3.0302090441039757,
2020-02-27,neutral,0,0,2,0.9999999999995306,0.21588344221907557,2718,2708,103.69280500000009,-0.3678234447465144,
2020-02-28,bear,1,1,2,0.9999999999999996,0.9979995206327218,2718,2708,191.13162400000016,-4.491171749598719,
2020-03-02,neutral,1,1,0,0.9996584549396709,0.1465035955789872,2718,2708,254.1594640000002,-0.4201539444052301,
2020-03-03,bear,1,1,2,1.0,0.9942682231377066,2718,2708,240.32356100000015,4.330655505299394,
2020-03-04,bear,1,1,2,0.9999999999999996,0.9039058975082075,2718,2708,234.36474400000003,-2.8632437154226817,
2020-03-05,bear,1,1,2,0.9999999999999558,0.9991603311289893,2718,2708,178.15586400000012,4.2033040234479095,
2020-03-06,bear,2,2,1,0.9999999999909255,0.9594724986801811,2718,2708,122.05098100000018,-3.3241705555200514,
2020-03-09,bear,1,1,2,0.9999999847658649,0.5636011239740057,2718,2708,68.5684850000001,-1.6531111551940754,
2020-03-10,bear,1,1,2,0.9999999999904439,0.9999999595779399,2718,2708,121.67868399999986,-7.80945337188192,
2020-03-11,bear,1,1,2,0.9999999999903844,0.9999957414388522,2718,2708,120.12554099999986,5.174488567990372,
2020-03-12,bear,1,1,2,0.999999999996626,0.9991365613515654,2718,2708,151.44198899999975,-4.874835309617919,
2020-03-13,bear,1,1,2,0.9999999999998929,0.9999999999984704,2718,2708,349.13090899999963,-9.56772124216358,
2020-03-16,bear,1,1,2,0.9999999999996589,0.9999999999999929,2718,2708,382.6011649999997,8.54862762484381,
2020-03-17,bear,1,1,2,0.9999999999998632,0.9999999999999993,2718,2708,517.2452689999998,-10.94237338482103,
2020-03-18,bear,1,1,2,0.9999999999999063,0.999986187137158,2718,2708,534.6937009999999,5.399207838232236,
2020-03-19,bear,1,1,2,0.9999999999996876,0.9997422782910528,2718,2708,475.15250899999984,-5.06329113924051,
2020-03-20,neutral,1,1,2,0.9999999999974561,0.13839128135533765,2718,2708,402.2807240000001,0.2124999999999962,
2020-03-23,bear,1,1,2,0.9999999999888782,0.9994900774425323,2718,2708,346.57000000000016,-4.868820423267215,
2020-03-24,bear,1,1,2,0.9999999999957031,0.8521501027637944,2718,2708,392.5784160000002,-2.556818181818192,
2020-03-25,bear,1,1,2,0.9999999989212671,1.0,2718,2708,233.80294500000008,9.060327427674375,
2020-03-26,neutral,1,1,2,0.9999999181427963,0.36651933793354946,2718,2708,145.752636,1.4970183014599985,
2020-03-27,bear,1,1,2,0.9999999835294534,0.9999994090053007,2718,2708,173.955041,5.838972405689046,
2020-03-30,bear,1,1,2,0.9999995159298974,0.9353470056691457,2718,2708,117.89800099999994,-2.9785604900459424,
2020-03-31,bear,1,1,2,0.9999999295197227,0.9569838108102222,2718,2708,147.1666809999999,3.2475731986425656,
2020-04-01,neutral,1,1,2,0.9999999611557018,0.4537670542825201,2718,2708,156.96817599999986,-1.4905407987769836,
