portfolio_model,start_date,end_date,trading_days,start_close,end_close,return_pct,max_drawdown_pct,opening_raw_decision,opening_action,overlaps_order_uncertainty
FAMA_FRENCH,2000-03-15,2000-03-16,2,139.8125,146.34375,4.6714349575324094,0.0,bear,APPLY_FAMA_FRENCH,False
GROWTH,2000-03-17,2000-04-12,19,146.9375,146.28125,-0.44661846022968954,4.741554741554742,bull,APPLY_GROWTH,False
FAMA_FRENCH,2000-04-13,2000-04-18,4,144.25,144.46875,0.15164644714038128,5.719237435008666,bear,APPLY_FAMA_FRENCH,False
GROWTH,2000-04-19,2000-05-10,15,143.125,138.125,-3.4934497816593884,6.770723476059903,bull,APPLY_GROWTH,False
FAMA_FRENCH,2000-05-11,2000-08-11,65,141.28125,147.40625,4.335324043353241,6.053719008264462,bear,APPLY_FAMA_FRENCH,True
GROWTH,2000-08-14,2000-09-15,24,149.28125,146.0,-2.1980322378061543,4.2622950819672125,bull,APPLY_GROWTH,False
FAMA_FRENCH,2000-09-18,2000-11-09,39,144.65625,140.03125,-3.197234823936055,8.798972382787412,bear,APPLY_FAMA_FRENCH,False
GROWTH,2000-11-10,2000-11-22,9,136.625,132.14063,-3.2822470265324886,5.317954321540538,bull,APPLY_GROWTH,False
FAMA_FRENCH,2000-11-24,2000-12-22,21,134.84375,130.9375,-2.8968713789107765,8.926961226330027,bear,APPLY_FAMA_FRENCH,False
GROWTH,2000-12-26,2000-12-29,4,132.34375,131.1875,-0.8736717827626919,1.8929656461790136,bull,APPLY_GROWTH,False
FAMA_FRENCH,2001-01-02,2001-01-25,17,128.8125,136.03125,5.604075691411936,4.305555555555555,bear,APPLY_FAMA_FRENCH,True
GROWTH,2001-01-26,2001-07-16,118,135.875,120.71,-11.160993560257594,19.966643947411296,bull,APPLY_GROWTH,False
FAMA_FRENCH,2001-07-17,2001-07-17,1,121.84,121.84,0.0,0.0,bear,APPLY_FAMA_FRENCH,False
GROWTH,2001-07-18,2001-08-23,27,121.01,116.6,-3.6443269151309896,5.537884348748068,bull,APPLY_GROWTH,False
FAMA_FRENCH,2001-08-24,2001-09-17,12,119.02,104.3,-12.36766929927743,12.36766929927743,bear,APPLY_FAMA_FRENCH,False
GROWTH,2001-09-18,2001-12-13,62,104.05,112.06,7.698222008649693,6.506487265737622,bull,APPLY_GROWTH,False
FAMA_FRENCH,2001-12-14,2002-05-31,115,113.13,107.22,-5.2240784937682285,10.64444822309132,bear,APPLY_FAMA_FRENCH,False
GROWTH,2002-06-03,2004-07-19,536,104.37,110.24,5.6242215195937435,26.04866963355743,bull,APPLY_GROWTH,False
FAMA_FRENCH,2004-07-20,2005-06-07,224,111.64,120.13,7.604801146542453,7.321443114260126,bear,APPLY_FAMA_FRENCH,False
GROWTH,2005-06-08,2006-02-07,169,119.91,125.48,4.645150529563845,5.845093008338672,bull,APPLY_GROWTH,False
FAMA_FRENCH,2006-02-08,2006-03-10,22,126.62,128.59,1.5558363607644912,1.6066814763879715,bear,APPLY_FAMA_FRENCH,False
GROWTH,2006-03-13,2006-07-05,80,128.83,127.07,-1.3661414266863456,7.59312320916906,bull,APPLY_GROWTH,False
FAMA_FRENCH,2006-07-06,2006-08-03,21,127.44,128.42,0.7689893283113541,3.217200251098552,bear,APPLY_FAMA_FRENCH,False
GROWTH,2006-08-04,2007-07-26,245,128.2,148.02,15.460218408736367,5.969740535359758,bull,APPLY_GROWTH,False
FAMA_FRENCH,2007-07-27,2007-10-04,49,145.11,154.02,6.1401695265660505,5.866648868717894,bear,APPLY_FAMA_FRENCH,False
GROWTH,2007-10-05,2007-10-19,11,155.85,149.67,-3.96535129932628,4.351993865030677,bull,APPLY_GROWTH,False
FAMA_FRENCH,2007-10-22,2007-11-28,27,150.54,147.13,-2.2651786900491544,8.858713223407705,bear,APPLY_FAMA_FRENCH,False
GROWTH,2007-11-29,2007-12-05,5,147.18,148.81,1.1074874303573825,1.5471545809229,bull,APPLY_GROWTH,False
FAMA_FRENCH,2007-12-06,2008-01-04,20,150.94,141.31,-6.380018550417381,7.081799053129938,bear,APPLY_FAMA_FRENCH,False
GROWTH,2008-01-07,2008-01-08,2,141.19,138.91,-1.6148452439974512,1.6148452439974512,bull,APPLY_GROWTH,False
FAMA_FRENCH,2008-01-09,2008-02-20,29,140.37,135.92,-3.170193061195424,7.481067308372847,bear,APPLY_FAMA_FRENCH,True
GROWTH,2008-02-21,2008-03-06,11,134.79,131.06,-2.7672676014541064,5.276091355883211,bull,APPLY_GROWTH,False
FAMA_FRENCH,2008-03-07,2008-03-18,8,129.71,133.63,3.022126281705333,3.2428355957767594,bear,APPLY_FAMA_FRENCH,False
GROWTH,2008-03-19,2008-03-19,1,130.32,130.32,0.0,0.0,bull,APPLY_GROWTH,False
FAMA_FRENCH,2008-03-20,2008-04-11,16,132.08,133.38,0.9842519685039239,2.6707530647985966,bear,APPLY_FAMA_FRENCH,False
GROWTH,2008-04-14,2008-05-20,27,132.93,141.89,6.740389678778288,2.2175290390707536,bull,APPLY_GROWTH,False
FAMA_FRENCH,2008-05-21,2008-09-09,77,139.49,123.22,-11.663918560470291,14.028981389401904,bear,APPLY_FAMA_FRENCH,False
GROWTH,2008-09-10,2008-09-15,4,123.72,120.09,-2.934044616876815,4.75850582916964,bull,APPLY_GROWTH,False
FAMA_FRENCH,2008-09-16,2008-09-22,5,122.1,121.31,-0.6470106470106405,4.4963144963144925,bear,APPLY_FAMA_FRENCH,False
GROWTH,2008-09-23,2008-09-23,1,118.55,118.55,0.0,0.0,bull,APPLY_GROWTH,False
FAMA_FRENCH,2008-09-24,2008-10-10,13,118.93,88.5,-25.586479441688393,26.768721555647495,bear,APPLY_FAMA_FRENCH,False
GROWTH,2008-10-13,2008-10-15,3,101.35,90.02,-11.179082387765169,11.179082387765169,bull,APPLY_GROWTH,False
FAMA_FRENCH,2008-10-16,2008-10-28,9,93.77,93.76,-0.010664391596449723,15.038963667644975,bear,APPLY_FAMA_FRENCH,False
GROWTH,2008-10-29,2008-10-30,2,93.08,96.3,3.4593897722389335,0.0,bull,APPLY_GROWTH,False
FAMA_FRENCH,2008-10-31,2008-11-04,3,96.83,100.41,3.697201280594855,0.0,bear,APPLY_FAMA_FRENCH,True
GROWTH,2008-11-05,2008-11-05,1,96.19,96.19,0.0,0.0,bull,APPLY_GROWTH,False
FAMA_FRENCH,2008-11-06,2008-11-07,2,90.86,93.86,3.3017829627999116,0.0,bear,APPLY_FAMA_FRENCH,False
GROWTH,2008-11-10,2008-11-11,2,92.63,89.77,-3.0875526287379893,3.0875526287379893,bull,APPLY_GROWTH,False
FAMA_FRENCH,2008-11-12,2008-12-05,17,85.82,87.93,2.4586343509671567,17.24251398486344,bear,APPLY_FAMA_FRENCH,True
GROWTH,2008-12-08,2008-12-08,1,91.0,91.0,0.0,0.0,bull,APPLY_GROWTH,False
FAMA_FRENCH,2008-12-09,2009-01-30,36,89.5,82.83,-7.452513966480449,13.801219642666101,bear,APPLY_FAMA_FRENCH,False
GROWTH,2009-02-02,2009-02-23,15,82.58,74.65,-9.602809396948404,14.293915040183686,bull,APPLY_GROWTH,False
FAMA_FRENCH,2009-02-24,2009-03-02,5,77.48,70.6,-8.879710893133725,8.879710893133725,bear,APPLY_FAMA_FRENCH,True
GROWTH,2009-03-03,2009-03-05,3,70.07,68.8,-1.812473241044664,4.084762303081008,bull,APPLY_GROWTH,False
FAMA_FRENCH,2009-03-06,2009-04-28,37,68.92,85.57,24.158444573418443,5.197930453615681,bear,APPLY_FAMA_FRENCH,False
GROWTH,2009-04-29,2009-05-06,6,87.39,92.141,5.4365488042110135,0.34110915492958,bull,APPLY_GROWTH,False
FAMA_FRENCH,2009-05-07,2009-05-22,12,90.86,89.02,-2.0250935505172833,4.624650462465043,bear,APPLY_FAMA_FRENCH,False
GROWTH,2009-05-26,2010-05-10,242,91.3,116.16,27.228915662650603,8.662904053360695,bull,APPLY_GROWTH,False
FAMA_FRENCH,2010-05-11,2010-08-05,61,115.83,112.85,-2.572735906069243,12.984248616432525,bear,APPLY_FAMA_FRENCH,True
GROWTH,2010-08-06,2011-08-03,251,112.392,126.17,12.258879635561255,7.520340101150777,bull,APPLY_GROWTH,False
FAMA_FRENCH,2011-08-04,2012-01-06,108,120.26,127.71,6.194911026110085,10.055637375224997,bear,APPLY_FAMA_FRENCH,True
GROWTH,2012-01-09,2014-02-03,520,128.02,174.17,36.049054835181984,9.68697123519459,bull,APPLY_GROWTH,False
FAMA_FRENCH,2014-02-04,2014-02-25,15,175.385,184.84,5.390996949568101,0.66217976552323,bear,APPLY_FAMA_FRENCH,False
GROWTH,2014-02-26,2014-10-21,166,184.85,194.07,4.987827968623208,7.704885541571689,bull,APPLY_GROWTH,False
FAMA_FRENCH,2014-10-22,2014-11-14,18,192.69,204.24,5.994083761482179,0.3469296723992749,bear,APPLY_FAMA_FRENCH,False
GROWTH,2014-11-17,2014-12-17,22,204.37,201.79,-1.262416205901068,4.85096153846154,bull,APPLY_GROWTH,False
FAMA_FRENCH,2014-12-18,2015-02-26,47,206.78,211.38,2.224586517071281,4.647422384055189,bear,APPLY_FAMA_FRENCH,False
GROWTH,2015-02-27,2015-08-21,123,210.66,197.63,-6.185322320326593,7.433255269320846,bull,APPLY_GROWTH,False
FAMA_FRENCH,2015-08-24,2015-11-10,56,189.55,208.56,10.029016090741223,6.079528424418031,bear,APPLY_FAMA_FRENCH,False
GROWTH,2015-11-11,2016-01-07,39,207.74,194.05,-6.589968229517665,7.893487753939622,bull,APPLY_GROWTH,False
FAMA_FRENCH,2016-01-08,2016-03-24,53,191.923,203.12,5.834110554753731,5.606419135167718,bear,APPLY_FAMA_FRENCH,False
GROWTH,2016-03-28,2018-02-02,469,203.24,275.45,35.52942334186183,6.013090361162128,bull,APPLY_GROWTH,False
FAMA_FRENCH,2018-02-05,2018-05-23,76,263.93,273.36,3.572917061342025,7.673826514146369,bear,APPLY_FAMA_FRENCH,False
GROWTH,2018-05-24,2018-10-10,97,272.8,278.3,2.0161290322580645,5.204714217589745,bull,APPLY_GROWTH,False
FAMA_FRENCH,2018-10-11,2019-03-05,98,272.17,279.02,2.516809347099227,16.607949895021527,bear,APPLY_FAMA_FRENCH,False
GROWTH,2019-03-06,2019-05-13,48,277.33,280.86,1.2728518371615152,4.4791347821650715,bull,APPLY_GROWTH,False
FAMA_FRENCH,2019-05-14,2019-07-18,46,283.4,298.83,5.444601270289347,4.563781717066387,bear,APPLY_FAMA_FRENCH,False
GROWTH,2019-07-19,2019-08-05,12,297.17,283.82,-4.492378100077405,6.022979371543988,bull,APPLY_GROWTH,False
FAMA_FRENCH,2019-08-06,2019-09-23,34,287.8,298.21,3.6170952050034635,3.3104011988284268,bear,APPLY_FAMA_FRENCH,False
GROWTH,2019-09-24,2020-01-31,90,295.87,321.73,8.740325142799207,3.212149721120893,bull,APPLY_GROWTH,False
FAMA_FRENCH,2020-02-03,2021-06-09,341,324.12,421.65,30.090707145501653,34.10474670449843,bear,APPLY_FAMA_FRENCH,True
GROWTH,2021-06-10,2021-09-28,77,423.61,433.72,2.38662921083072,4.316070522297491,bull,APPLY_GROWTH,False
FAMA_FRENCH,2021-09-29,2022-02-03,89,434.45,446.6,2.7966394291633176,9.727659040003344,bear,APPLY_FAMA_FRENCH,True
GROWTH,2022-02-04,2022-02-11,6,448.7,440.46,-1.8364163137954108,3.7330069502120122,bull,APPLY_GROWTH,False
FAMA_FRENCH,2022-02-14,2026-03-20,1028,439.02,648.57,47.731310646439816,22.747264651717042,bear,APPLY_FAMA_FRENCH,True
