entry_date,entry_price,exit_date,exit_price,trade_result_pct,win_or_loss,entry_trigger,exit_trigger,entry_price_next_trading_day_ALT,exit_price_next_trading_day_ALT
2000-04-13,144.25,2000-04-19,143.125,0.779896013864818,WIN,RAW_DECISION,RAW_DECISION,136.0,143.8125
2000-05-11,141.28125,2000-06-01,145.3125,-2.8533510285335106,LOSS,RAW_DECISION,MONTHLY_RESET,142.8125,147.84375
2000-06-09,146.59375,2000-07-03,147.28125,-0.46898315924109996,LOSS,RAW_DECISION,MONTHLY_RESET,144.875,144.625
2000-07-31,143.0,2000-08-01,143.875,-0.6118881118881119,LOSS,RAW_DECISION,MONTHLY_RESET,143.875,144.59375
2000-09-18,144.65625,2000-10-02,143.84375,0.5616763879887665,WIN,RAW_DECISION,MONTHLY_RESET,145.96875,142.5
2000-10-11,136.53125,2000-11-01,142.46875,-4.34882124055848,LOSS,RAW_DECISION,MONTHLY_RESET,133.125,142.70313
2000-11-24,134.84375,2000-12-01,132.21875,1.9466975666280417,WIN,RAW_DECISION,MONTHLY_RESET,136.03125,133.34375
2000-12-18,132.71875,2000-12-26,132.34375,0.2825523899222981,WIN,RAW_DECISION,RAW_DECISION,130.01563,133.3125
2001-01-02,128.8125,2001-01-26,135.875,-5.482775351770985,LOSS,DUAL_ACTION_ORDER_DEPENDENT,RAW_DECISION,135.0,136.60001
2001-07-17,121.84,2001-07-18,121.01,0.6812212738017057,WIN,RAW_DECISION,RAW_DECISION,121.01,122.07
2001-08-24,119.02,2001-09-04,113.42,4.705091581246845,WIN,RAW_DECISION,MONTHLY_RESET,118.31,113.7
2001-12-14,113.13,2002-01-02,115.53,-2.1214531954388804,LOSS,RAW_DECISION,MONTHLY_RESET,114.3,116.84
2004-07-20,111.64,2004-08-02,111.07,0.5105696882837758,WIN,RAW_DECISION,MONTHLY_RESET,109.58,110.21
2004-08-13,107.19,2004-09-01,111.32,-3.8529713592685844,LOSS,RAW_DECISION,MONTHLY_RESET,108.3,112.58
2005-03-14,121.14,2005-04-01,117.43,3.0625722304771283,WIN,RAW_DECISION,MONTHLY_RESET,120.14,117.63
2006-02-08,126.62,2006-03-01,129.37,-2.1718527878692147,LOSS,RAW_DECISION,MONTHLY_RESET,126.41,129.36
2006-07-06,127.44,2006-08-01,127.22,0.1726302573760192,WIN,RAW_DECISION,MONTHLY_RESET,126.61,128.08
2007-07-27,145.11,2007-08-01,146.43,-0.9096547446764476,LOSS,RAW_DECISION,MONTHLY_RESET,147.38,147.6
2007-08-06,146.21,2007-09-04,149.08,-1.9629300321455472,LOSS,RAW_DECISION,MONTHLY_RESET,147.77,147.79
2007-10-22,150.54,2007-11-01,151.03,-0.3254948850803834,LOSS,RAW_DECISION,MONTHLY_RESET,151.76,151.2
2007-11-08,147.16,2007-11-29,147.18,-0.013590649633059412,LOSS,RAW_DECISION,RAW_DECISION,145.14,148.66
2007-12-06,150.94,2008-01-02,144.93,3.981714588578237,WIN,RAW_DECISION,MONTHLY_RESET,150.91,144.86
2008-01-09,140.37,2008-02-21,134.79,3.975208377858525,WIN,RAW_DECISION,RAW_DECISION,141.29,135.62
2008-03-07,129.71,2008-03-19,130.32,-0.4702798550612792,LOSS,RAW_DECISION,RAW_DECISION,128.0,132.08
2008-03-20,132.08,2008-04-01,136.61,-3.4297395517867963,LOSS,RAW_DECISION,MONTHLY_RESET,134.72,136.7
2008-04-02,136.7,2008-04-14,132.93,2.757863935625444,WIN,RAW_DECISION,RAW_DECISION,137.04,133.24
2008-05-21,139.49,2008-06-02,138.9,0.4229693884866323,WIN,RAW_DECISION,MONTHLY_RESET,139.51,138.09
2008-06-27,127.68,2008-07-01,128.42,-0.5795739348370775,LOSS,RAW_DECISION,MONTHLY_RESET,128.04,126.14
2008-07-03,126.28,2008-08-01,126.1,0.14254038644283087,WIN,RAW_DECISION,MONTHLY_RESET,125.0,125.02
2008-09-16,122.1,2008-09-23,118.55,2.907452907452905,WIN,RAW_DECISION,RAW_DECISION,116.61,118.93
2008-09-24,118.93,2008-10-13,101.35,14.781804422769707,WIN,RAW_DECISION,RAW_DECISION,120.79,99.85
2008-10-16,93.77,2008-10-29,93.08,0.7358430201556977,WIN,RAW_DECISION,RAW_DECISION,93.21,96.3
2008-10-31,96.83,2008-11-03,97.11,-0.2891665806051855,LOSS,RAW_DECISION,MONTHLY_RESET,97.11,100.41
2008-11-06,90.86,2008-11-10,92.63,-1.9480519480519438,LOSS,RAW_DECISION,RAW_DECISION,93.86,89.77
2008-11-12,85.82,2008-12-01,82.11,4.323001631321363,WIN,RAW_DECISION,MONTHLY_RESET,91.17,85.27
2008-12-02,85.27,2008-12-08,91.0,-6.719831124662841,LOSS,RAW_DECISION,RAW_DECISION,87.32,89.5
2008-12-09,89.5,2009-01-02,92.96,-3.86592178770949,LOSS,RAW_DECISION,MONTHLY_RESET,90.11,92.85
2009-01-08,91.042,2009-02-02,82.58,9.294611278311113,WIN,RAW_DECISION,DUAL_ACTION_ORDER_DEPENDENT,89.09,83.74
2009-02-24,77.48,2009-03-03,70.07,9.563758389261759,WIN,RAW_DECISION,RAW_DECISION,76.872,71.73
2009-03-06,68.92,2009-04-01,81.06,-17.614625652930936,LOSS,RAW_DECISION,MONTHLY_RESET,68.11,83.43
2009-05-07,90.86,2009-05-26,91.3,-0.48426150121065126,LOSS,RAW_DECISION,RAW_DECISION,92.98,89.67
2010-05-11,115.83,2010-06-01,107.53,7.165673832340497,WIN,RAW_DECISION,MONTHLY_RESET,117.45,110.33
2010-07-08,107.16,2010-08-02,112.76,-5.22583053378127,LOSS,RAW_DECISION,MONTHLY_RESET,107.96,112.22
2011-08-04,120.26,2011-09-01,120.94,-0.5654415433227944,LOSS,RAW_DECISION,MONTHLY_RESET,120.08,117.85
2011-09-06,116.99,2012-01-03,127.495,-8.979399948713574,LOSS,RAW_DECISION,MONTHLY_RESET,120.29,127.7
2014-02-04,175.385,2014-02-26,184.85,-5.396698691450241,LOSS,RAW_DECISION,RAW_DECISION,175.17,185.82
2014-10-22,192.69,2014-11-03,201.77,-4.712232082619758,LOSS,RAW_DECISION,MONTHLY_RESET,194.93,201.07
2014-12-18,206.78,2015-01-02,205.43,0.6528677821839609,WIN,RAW_DECISION,MONTHLY_RESET,206.52,201.72
2015-08-24,189.55,2015-09-01,191.77,-1.1711949353732518,LOSS,RAW_DECISION,MONTHLY_RESET,187.27,195.41
2015-09-02,195.41,2015-10-01,192.13,1.6785220817767776,WIN,RAW_DECISION,MONTHLY_RESET,195.55,195.0
2016-01-08,191.923,2016-02-01,193.65,-0.89984004001605,LOSS,RAW_DECISION,MONTHLY_RESET,192.11,190.16
2016-02-16,189.78,2016-03-01,198.11,-4.389292865423128,LOSS,RAW_DECISION,MONTHLY_RESET,192.88,199.0
2018-02-05,263.93,2018-03-01,267.7,-1.4284090478535907,LOSS,RAW_DECISION,MONTHLY_RESET,269.13,269.08
2018-03-23,258.05,2018-04-02,257.47,0.22476264289865688,WIN,RAW_DECISION,MONTHLY_RESET,265.11,260.77
2018-04-03,260.77,2018-05-01,264.98,-1.6144495148982,LOSS,RAW_DECISION,MONTHLY_RESET,263.56,263.2
2018-10-11,272.17,2018-11-01,273.51,-0.4923393467318128,LOSS,RAW_DECISION,MONTHLY_RESET,275.95,271.89
2018-11-08,280.5,2018-12-03,279.3,0.427807486631012,WIN,RAW_DECISION,MONTHLY_RESET,277.76,270.25
2018-12-06,269.84,2019-01-02,250.18,7.285798991995246,WIN,RAW_DECISION,MONTHLY_RESET,263.57,244.21
2019-01-04,252.39,2019-02-01,270.06,-7.00106977297041,LOSS,RAW_DECISION,MONTHLY_RESET,254.38,271.96
2019-05-14,283.4,2019-06-03,274.57,3.115737473535633,WIN,RAW_DECISION,MONTHLY_RESET,285.06,280.53
2019-06-05,282.96,2019-07-01,295.66,-4.488266892847062,LOSS,RAW_DECISION,MONTHLY_RESET,284.8,296.43
2019-08-06,287.8,2019-09-03,290.74,-1.0215427380125077,LOSS,RAW_DECISION,MONTHLY_RESET,287.97,294.04
2020-02-03,324.12,2020-03-02,309.09,4.637171417993345,WIN,DUAL_ACTION_ORDER_DEPENDENT,MONTHLY_RESET,329.06,300.24
2020-03-03,300.24,2020-04-01,246.15,18.01558752997602,WIN,RAW_DECISION,MONTHLY_RESET,312.86,251.83
2020-04-02,251.83,2020-05-01,282.79,-12.294007862446891,LOSS,RAW_DECISION,MONTHLY_RESET,248.19,283.57
2020-05-04,283.57,2020-06-01,305.55,-7.751172549987665,LOSS,RAW_DECISION,MONTHLY_RESET,286.19,308.08
2020-06-08,323.2,2020-07-01,310.52,3.923267326732675,WIN,RAW_DECISION,MONTHLY_RESET,320.79,312.23
2020-09-04,342.57,2020-10-01,337.04,1.614268616633089,WIN,RAW_DECISION,MONTHLY_RESET,333.21,333.84
2020-10-29,329.98,2020-11-02,330.2,-0.06667070731558591,LOSS,RAW_DECISION,MONTHLY_RESET,326.54,336.03
2020-11-05,350.24,2020-12-01,366.02,-4.5054819552306915,LOSS,RAW_DECISION,MONTHLY_RESET,350.16,366.79
2021-02-01,376.23,2021-03-01,389.58,-3.5483613746910043,LOSS,DUAL_ACTION_ORDER_DEPENDENT,MONTHLY_RESET,381.55,386.54
2021-03-02,386.54,2021-04-01,400.61,-3.6399855124954708,LOSS,RAW_DECISION,MONTHLY_RESET,381.42,406.36
2021-05-13,410.28,2021-06-01,419.67,-2.288680900848212,LOSS,RAW_DECISION,MONTHLY_RESET,416.58,420.33
2021-09-29,434.45,2021-10-01,434.24,0.04833697778800312,WIN,RAW_DECISION,MONTHLY_RESET,429.14,428.64
2021-12-01,450.5,2022-01-03,477.71,-6.039955604883458,LOSS,DUAL_ACTION_ORDER_DEPENDENT,MONTHLY_RESET,457.4,477.55
2022-01-06,467.94,2022-02-01,452.95,3.203402145574221,WIN,RAW_DECISION,MONTHLY_RESET,466.09,457.35
2022-02-14,439.02,2022-03-01,429.98,2.0591317024281275,WIN,RAW_DECISION,MONTHLY_RESET,446.1,437.89
2022-03-08,416.25,2022-04-01,452.92,-8.809609609609613,LOSS,RAW_DECISION,MONTHLY_RESET,427.41,456.8
2022-04-25,428.51,2022-06-01,409.59,4.415299526265435,WIN,RAW_DECISION,MONTHLY_RESET,416.1,417.39
2022-06-10,389.8,2022-07-01,381.24,2.19599794766547,WIN,RAW_DECISION,MONTHLY_RESET,375.0,381.96
2022-07-20,394.77,2022-08-01,410.77,-4.052992881931251,LOSS,RAW_DECISION,MONTHLY_RESET,398.79,408.06
2022-08-11,419.99,2022-09-01,396.42,5.612038381866233,WIN,RAW_DECISION,MONTHLY_RESET,427.1,392.24
2022-09-14,394.6,2022-10-03,366.61,7.093258996452105,WIN,RAW_DECISION,MONTHLY_RESET,390.12,377.97
2022-10-04,377.97,2022-11-01,384.52,-1.7329417678651624,LOSS,RAW_DECISION,MONTHLY_RESET,377.09,374.87
2022-11-03,371.01,2023-01-03,380.82,-2.644133581305087,LOSS,RAW_DECISION,MONTHLY_RESET,376.35,383.76
2023-02-22,398.54,2023-03-01,394.74,0.9534802027400038,WIN,RAW_DECISION,MONTHLY_RESET,400.66,397.81
2023-11-03,434.69,2023-12-01,459.1,-5.615496100669448,LOSS,RAW_DECISION,MONTHLY_RESET,435.69,456.69
2024-07-25,538.41,2024-08-01,543.01,-0.8543674894597098,LOSS,RAW_DECISION,MONTHLY_RESET,544.44,532.9
2024-08-05,517.38,2024-09-03,552.08,-6.7068692257141835,LOSS,RAW_DECISION,MONTHLY_RESET,522.15,550.95
2024-11-01,571.04,2024-12-02,603.63,-5.707130848977311,LOSS,DUAL_ACTION_ORDER_DEPENDENT,MONTHLY_RESET,569.81,603.91
2024-12-19,586.1,2025-01-02,584.64,0.24910424842177725,WIN,RAW_DECISION,MONTHLY_RESET,591.15,591.95
2025-03-11,555.92,2025-04-01,560.97,-0.9084040869189935,LOSS,RAW_DECISION,MONTHLY_RESET,558.87,564.52
2025-04-04,505.28,2025-05-01,558.47,-10.526836605446496,LOSS,RAW_DECISION,MONTHLY_RESET,504.38,566.76
2025-05-13,586.84,2025-06-02,592.71,-1.0002726467180159,LOSS,RAW_DECISION,MONTHLY_RESET,587.59,596.09
2025-10-13,663.04,2025-11-03,683.34,-3.061655405405416,LOSS,RAW_DECISION,MONTHLY_RESET,662.23,675.24
2026-01-21,685.4,2026-02-02,695.41,-1.4604610446454611,LOSS,RAW_DECISION,MONTHLY_RESET,688.98,689.53
2026-02-09,693.95,2026-03-02,686.38,1.090856689963261,WIN,RAW_DECISION,MONTHLY_RESET,692.12,680.33
